time (ms), rpm, mA, V
366, 0, 0.00, 5.56,
377, 0, 2676.25, 5.15,
388, 0, 2790.00, 5.14,
399, 0, 2557.50, 5.15,
410, 0, 2507.50, 5.14,
421, 0, 2422.50, 5.14,
433, 141, 2385.00, 5.14,
445, 141, 2321.25, 5.16,
457, 2109, 2285.00, 5.14,
470, 2109, 2230.00, 5.17,
482, 2796, 2101.25, 5.19,
494, 3288, 2038.75, 5.17,
505, 3288, 1987.50, 5.18,
516, 3712, 1993.75, 5.19,
527, 4063, 1906.25, 5.19,
538, 4387, 1868.75, 5.19,
549, 4672, 1830.00, 5.22,
560, 4672, 1766.25, 5.21,
572, 4947, 1760.00, 5.21,
583, 5161, 1710.00, 5.23,
595, 5603, 1617.50, 5.24,
606, 5787, 1610.00, 5.24,
617, 5978, 1587.50, 5.23,
628, 6132, 1591.25, 5.25,
640, 6334, 1528.75, 5.25,
651, 6454, 1535.00, 5.26,
662, 6759, 1470.00, 5.25,
673, 6896, 1440.00, 5.27,
684, 7048, 1407.50, 5.27,
695, 7159, 1355.00, 5.28,
706, 7403, 1326.25, 5.28,
717, 7533, 1332.50, 5.28,
728, 7720, 1277.50, 5.28,
740, 7836, 1260.00, 5.29,
751, 8034, 1271.25, 5.29,
763, 8125, 1210.00, 5.30,
774, 8296, 1176.25, 5.30,
785, 8398, 1173.75, 5.31,
796, 8566, 1163.75, 5.31,
807, 8715, 1107.50, 5.31,
818, 8797, 1117.50, 5.32,
829, 8923, 1122.50, 5.32,
841, 9085, 1098.75, 5.32,
854, 9168, 1065.00, 5.32,
866, 9276, 1056.25, 5.33,
877, 9416, 1086.25, 5.33,
889, 9541, 1046.25, 5.33,
900, 9646, 1010.00, 5.33,
911, 9759, 992.50, 5.34,
922, 9881, 1007.50, 5.34,
933, 9940, 960.00, 5.34,
944, 10040, 960.00, 5.34,
956, 10135, 940.00, 5.34,
968, 10231, 941.25, 5.35,
979, 10330, 920.00, 5.36,
990, 10416, 905.00, 5.36,
1001, 10504, 906.25, 5.36,
1012, 10555, 893.75, 5.36,
1024, 10668, 873.75, 5.36,
1035, 10744, 870.00, 5.36,
1046, 10822, 838.75, 5.36,
1057, 10901, 837.50, 5.37,
1069, 10964, 827.50, 5.37,
1080, 11037, 823.75, 5.37,
1092, 11102, 807.50, 5.38,
1103, 11169, 795.00, 5.38,
1114, 11261, 787.50, 5.38,
1125, 11329, 790.00, 5.38,
1136, 11372, 767.50, 5.38,
1147, 11459, 765.00, 5.38,
1158, 11503, 751.25, 5.38,
1169, 11556, 762.50, 5.38,
1180, 11583, 748.75, 5.39,
1191, 11664, 732.50, 5.39,
1202, 11718, 732.50, 5.39,
1213, 11783, 721.25, 5.39,
1224, 11801, 727.50, 5.39,
1235, 11885, 717.50, 5.40,
1246, 11923, 703.75, 5.40,
1257, 11971, 705.00, 5.41,
1268, 12038, 687.50, 5.40,
1280, 12067, 687.50, 5.40,
1292, 12087, 690.00, 5.41,
1303, 12175, 670.00, 5.41,
1315, 12214, 663.75, 5.41,
1327, 12205, 673.75, 5.41,
1339, 12295, 662.50, 5.41,
1350, 12345, 636.25, 5.42,
1362, 12396, 652.50, 5.41,
1374, 12396, 633.75, 5.41,
1386, 12479, 648.75, 5.41,
1397, 12500, 623.75, 5.41,
1408, 12520, 635.00, 5.42,
1419, 12552, 616.25, 5.42,
1430, 12583, 622.50, 5.42,
1441, 12647, 605.00, 5.43,
1452, 12679, 612.50, 5.42,
1463, 12722, 611.25, 5.42,
1474, 12722, 596.25, 5.43,
1485, 12787, 603.75, 5.42,
1497, 12809, 581.25, 5.42,
1509, 12842, 588.75, 5.42,
1520, 12864, 583.75, 5.42,
1532, 12897, 567.50, 5.43,
1544, 12897, 577.50, 5.43,
1556, 12964, 568.75, 5.43,
1567, 12975, 556.25, 5.44,
1579, 12998, 560.00, 5.43,
1591, 13020, 547.50, 5.44,
1603, 13043, 546.25, 5.43,
1614, 13054, 550.00, 5.43,
1625, 13077, 565.00, 5.43,
1636, 13100, 541.25, 5.44,
1647, 13146, 537.50, 5.43,
1658, 13157, 546.25, 5.43,
1669, 13181, 540.00, 5.44,
1680, 13192, 532.50, 5.43,
1691, 13215, 528.75, 5.44,
1702, 13215, 537.50, 5.44,
1714, 13227, 532.50, 5.44,
1726, 13262, 515.00, 5.43,
1737, 13297, 527.50, 5.45,
1750, 13274, 523.75, 5.44,
1761, 13321, 532.50, 5.44,
1773, 13357, 531.25, 5.44,
1784, 13392, 511.25, 5.44,
1795, 13380, 513.75, 5.45,
1806, 13404, 512.50, 5.44,
1817, 13428, 512.50, 5.44,
1828, 13452, 508.75, 5.44,
1839, 13464, 511.25, 5.44,
1850, 13489, 505.00, 5.44,
1861, 13501, 496.25, 5.44,
1872, 13525, 497.50, 5.45,
1883, 13501, 497.50, 5.45,
1894, 13550, 488.75, 5.44,
1905, 13574, 495.00, 5.45,
1916, 13574, 491.25, 5.44,
1927, 13599, 496.25, 5.45,
1938, 13611, 502.50, 5.44,
1949, 13623, 502.50, 5.44,
1960, 13636, 492.50, 5.45,
1972, 13661, 483.75, 5.44,
1984, 13673, 480.00, 5.45,
1995, 13686, 471.25, 5.45,
2007, 13673, 471.25, 5.45,
2019, 13711, 476.25, 5.45,
2030, 13723, 470.00, 5.46,
2042, 13736, 477.50, 5.46,
2054, 13748, 467.50, 5.45,
2066, 13761, 461.25, 5.45,
2077, 13786, 460.00, 5.46,
2089, 13786, 463.75, 5.46,
2101, 13799, 463.75, 5.45,
2113, 13824, 463.75, 5.46,
2124, 13786, 452.50, 5.46,
2135, 13799, 453.75, 5.45,
2146, 13850, 453.75, 5.46,
2157, 13850, 453.75, 5.45,
2168, 13863, 446.25, 5.46,
2179, 13876, 445.00, 5.45,
2190, 13876, 453.75, 5.46,
2201, 13888, 451.25, 5.45,
2212, 13901, 446.25, 5.46,
2223, 13876, 451.25, 5.45,
2234, 13927, 456.25, 5.46,
2245, 13927, 443.75, 5.46,
2256, 13927, 441.25, 5.45,
2267, 13940, 447.50, 5.46,
2278, 13927, 445.00, 5.46,
2289, 13953, 441.25, 5.46,
2300, 13992, 442.50, 5.45,
2312, 13979, 437.50, 5.45,
2324, 13953, 443.75, 5.46,
2335, 13992, 451.25, 5.46,
2347, 14005, 447.50, 5.46,
2359, 14005, 440.00, 5.46,
2370, 14005, 438.75, 5.46,
2382, 14018, 446.25, 5.46,
2394, 14084, 442.50, 5.46,
2406, 14031, 427.50, 5.46,
2417, 14005, 431.25, 5.46,
2428, 14031, 431.25, 5.45,
2439, 14044, 433.75, 5.46,
2450, 14044, 417.50, 5.46,
2461, 14058, 428.75, 5.46,
2472, 14084, 427.50, 5.46,
2483, 14058, 435.00, 5.46,
2494, 14071, 440.00, 5.46,
2505, 14084, 438.75, 5.46,
2516, 14044, 435.00, 5.46,
2527, 14097, 435.00, 5.46,
2538, 14071, 430.00, 5.46,
2549, 14097, 431.25, 5.47,
2560, 14111, 430.00, 5.46,
2571, 14111, 416.25, 5.46,
2582, 14111, 426.25, 5.46,
2593, 14124, 426.25, 5.46,
2605, 14124, 428.75, 5.46,
2616, 14137, 432.50, 5.46,
2628, 14150, 438.75, 5.46,
2639, 14097, 426.25, 5.47,
2650, 14150, 430.00, 5.46,
2661, 14164, 413.75, 5.46,
2672, 14164, 410.00, 5.46,
2683, 14164, 427.50, 5.46,
2694, 14164, 423.75, 5.46,
2705, 14137, 428.75, 5.46,
2716, 14191, 421.25, 5.47,
2727, 14191, 431.25, 5.47,
2738, 14177, 417.50, 5.46,
2749, 14177, 416.25, 5.46,
2760, 14177, 412.50, 5.46,
2771, 14164, 422.50, 5.46,
2782, 14177, 425.00, 5.46,
2793, 14191, 420.00, 5.46,
2804, 14191, 428.75, 5.47,
2816, 14191, 416.25, 5.46,
2827, 14204, 428.75, 5.47,
2839, 14204, 407.50, 5.46,
2850, 14218, 415.00, 5.46,
2861, 14204, 420.00, 5.46,
2872, 14218, 411.25, 5.46,
2883, 14218, 431.25, 5.47,
2894, 14231, 425.00, 5.46,
2905, 14231, 412.50, 5.46,
2916, 14231, 405.00, 5.46,
2927, 14191, 402.50, 5.46,
2938, 14231, 420.00, 5.46,
2950, 14191, 416.25, 5.46,
2961, 14231, 423.75, 5.47,
2973, 14164, 420.00, 5.47,
2984, 14245, 406.25, 5.46,
2995, 14204, 412.50, 5.46,
3006, 14245, 410.00, 5.46,
3017, 14258, 411.25, 5.46,
3028, 14231, 426.25, 5.46,
3039, 14258, 416.25, 5.46,
3050, 14245, 417.50, 5.47,
3061, 14258, 400.00, 5.46,
3073, 14258, 420.00, 5.46,
3084, 14272, 418.75, 5.46,
3096, 14272, 422.50, 5.46,
3107, 14258, 420.00, 5.47,
3118, 14272, 411.25, 5.46,
3129, 14272, 401.25, 5.46,
3140, 14218, 411.25, 5.46,
3151, 14245, 416.25, 5.46,
3162, 14231, 413.75, 5.47,
3173, 14272, 410.00, 5.46,
3184, 14285, 412.50, 5.47,
3195, 14285, 395.00, 5.46,
3207, 14272, 401.25, 5.47,
3218, 14285, 412.50, 5.46,
3230, 14218, 418.75, 5.47,
3241, 14285, 411.25, 5.47,
3252, 14231, 415.00, 5.46,
3263, 14245, 392.50, 5.47,
3274, 14258, 395.00, 5.46,
3286, 14285, 411.25, 5.47,
3297, 14285, 413.75, 5.47,
3308, 14231, 411.25, 5.46,
3319, 14299, 412.50, 5.46,
3330, 14285, 385.00, 5.46,
3341, 14285, 402.50, 5.46,
3353, 14285, 407.50, 5.47,
3364, 14299, 412.50, 5.47,
3376, 14285, 420.00, 5.46,
3388, 14285, 402.50, 5.46,
3400, 14285, 393.75, 5.46,
3411, 14299, 407.50, 5.46,
3423, 14258, 412.50, 5.47,
3435, 14299, 425.00, 5.47,
3446, 14299, 413.75, 5.46,
3457, 14299, 390.00, 5.47,
3468, 14258, 398.75, 5.46,
3479, 14299, 417.50, 5.47,
3490, 14299, 416.25, 5.46,
3501, 14299, 412.50, 5.46,
3512, 14312, 410.00, 5.47,
3523, 14312, 395.00, 5.46,
3534, 14272, 415.00, 5.46,
3546, 14326, 410.00, 5.46,
3558, 14312, 423.75, 5.47,
3569, 14312, 421.25, 5.47,
3581, 14312, 398.75, 5.46,
3593, 14312, 413.75, 5.46,
3604, 14326, 408.75, 5.46,
3616, 14299, 415.00, 5.47,
3628, 14340, 422.50, 5.46,
3640, 14285, 396.25, 5.46,
3651, 14326, 398.75, 5.46,
3662, 14340, 401.25, 5.46,
3673, 14340, 410.00, 5.47,
3684, 14299, 415.00, 5.46,
3695, 14326, 402.50, 5.47,
3706, 14326, 395.00, 5.46,
3717, 14272, 403.75, 5.47,
3728, 14340, 400.00, 5.47,
3739, 14340, 422.50, 5.46,
3750, 14340, 411.25, 5.47,
3761, 14340, 395.00, 5.46,
3772, 14340, 400.00, 5.46,
3783, 14340, 398.75, 5.46,
3794, 14340, 425.00, 5.47,
3805, 14354, 412.50, 5.47,
3816, 14354, 406.25, 5.46,
3827, 14340, 392.50, 5.46,
3838, 14354, 407.50, 5.47,
3850, 14340, 412.50, 5.47,
3862, 14340, 410.00, 5.47,
3873, 14340, 387.50, 5.46,
3884, 14354, 385.00, 5.46,
3895, 14354, 403.75, 5.46,
3906, 14340, 416.25, 5.47,
3917, 14354, 411.25, 5.47,
3928, 14354, 400.00, 5.46,
3939, 14340, 380.00, 5.47,
3950, 14354, 406.25, 5.46,
3961, 14354, 411.25, 5.47,
3973, 14354, 421.25, 5.46,
3985, 14340, 407.50, 5.47,
3996, 14340, 375.00, 5.46,
4008, 14326, 402.50, 5.46,
4020, 14285, 411.25, 5.47,
4032, 14340, 406.25, 5.46,
4043, 14340, 411.25, 5.47,
4054, 14340, 383.75, 5.46,
4065, 14285, 400.00, 5.47,
4076, 14340, 405.00, 5.47,
4087, 14340, 405.00, 5.47,
4098, 14326, 407.50, 5.47,
4109, 14340, 391.25, 5.46,
4120, 14285, 401.25, 5.46,
4131, 14354, 407.50, 5.47,
4143, 14326, 408.75, 5.47,
4155, 14299, 412.50, 5.47,
4166, 14312, 398.75, 5.46,
4178, 14340, 395.00, 5.46,
4190, 14340, 403.75, 5.46,
4202, 14340, 418.75, 5.47,
4213, 14340, 412.50, 5.47,
4225, 14340, 405.00, 5.46,
4237, 14340, 402.50, 5.46,
4248, 14340, 400.00, 5.47,
4260, 14326, 411.25, 5.47,
4272, 14299, 408.75, 5.46,
4284, 14272, 412.50, 5.46,
4295, 14354, 397.50, 5.47,
4307, 14340, 405.00, 5.46,
4319, 14340, 415.00, 5.47,
4331, 14285, 412.50, 5.47,
4342, 14340, 413.75, 5.46,
4354, 14340, 390.00, 5.47,
4366, 14354, 408.75, 5.46,
4377, 14367, 408.75, 5.47,
4389, 14354, 412.50, 5.47,
4401, 14340, 411.25, 5.46,
4413, 14354, 392.50, 5.46,
4424, 14354, 411.25, 5.46,
4436, 14354, 406.25, 5.47,
4448, 14354, 410.00, 5.47,
4460, 14354, 401.25, 5.46,
4471, 14326, 387.50, 5.46,
4482, 14354, 403.75, 5.47,
4493, 14340, 410.00, 5.47,
4504, 14299, 413.75, 5.46,
4515, 14367, 398.75, 5.47,
4526, 14354, 378.75, 5.46,
4537, 14367, 406.25, 5.47,
4548, 14354, 405.00, 5.47,
4559, 14299, 413.75, 5.46,
4571, 14354, 407.50, 5.47,
4583, 14354, 388.75, 5.46,
4594, 14299, 406.25, 5.46,
4606, 14340, 410.00, 5.47,
4618, 14354, 415.00, 5.46,
4630, 14367, 400.00, 5.46,
4641, 14367, 385.00, 5.46,
4652, 14367, 406.25, 5.46,
4663, 14367, 412.50, 5.46,
4674, 14367, 410.00, 5.47,
4685, 14367, 410.00, 5.46,
4696, 14354, 391.25, 5.46,
4707, 14395, 403.75, 5.46,
4718, 14367, 406.25, 5.46,
4729, 14381, 407.50, 5.47,
4740, 14367, 411.25, 5.47,
4751, 14326, 388.75, 5.46,
4762, 14367, 401.25, 5.47,
4773, 14381, 411.25, 5.47,
4784, 14367, 410.00, 5.46,
4795, 14299, 400.00, 5.47,
4806, 14340, 387.50, 5.46,
4817, 14381, 398.75, 5.46,
4829, 14354, 412.50, 5.47,
4840, 14381, 413.75, 5.46,
4852, 14381, 402.50, 5.46,
4864, 14367, 392.50, 5.47,
4876, 14381, 403.75, 5.46,
4887, 14381, 415.00, 5.47,
4899, 14381, 403.75, 5.47,
4911, 14381, 387.50, 5.46,
4923, 14381, 400.00, 5.46,
4934, 14395, 407.50, 5.46,
4946, 14381, 410.00, 5.46,
4958, 14381, 402.50, 5.47,
4970, 14381, 385.00, 5.46,
4981, 14354, 393.75, 5.46,
4993, 14381, 406.25, 5.47,
5005, 14367, 390.00, 5.47,
5017, 14381, 400.00, 5.47,
5028, 14367, 390.00, 5.46,
5039, 14367, 402.50, 5.46,
5050, 14381, 413.75, 5.46,
5061, 14381, 397.50, 5.47,
5072, 14367, 380.00, 5.46,
5083, 14381, 390.00, 5.46,
5094, 14367, 415.00, 5.47,
5105, 14395, 418.75, 5.46,
5116, 14340, 413.75, 5.47,
5128, 14395, 385.00, 5.46,
5140, 14381, 386.25, 5.46,
5151, 14381, 378.75, 5.47,
5164, 14381, 400.00, 5.47,
5175, 14381, 375.00, 5.48,
5187, 14367, 352.50, 5.47,
5198, 14367, 350.00, 5.47,
5209, 14409, 360.00, 5.47,
5220, 14326, 346.25, 5.48,
5231, 14354, 361.25, 5.47,
5242, 14340, 346.25, 5.47,
5253, 14326, 370.00, 5.47,
5264, 14312, 386.25, 5.47,
5275, 14326, 373.75, 5.47,
5286, 14326, 368.75, 5.46,
5298, 14326, 368.75, 5.47,
5309, 14312, 381.25, 5.47,
5321, 14326, 380.00, 5.47,
5332, 14312, 402.50, 5.47,
5343, 13888, 401.25, 5.46,
5354, 10814, 807.50, 5.40, 75.33
5365, 10869, 830.00, 5.39,
5376, 10980, 802.50, 5.39,
5387, 11053, 792.50, 5.39,
5398, 11102, 790.00, 5.39,
5409, 11202, 785.00, 5.39,
5420, 11269, 766.25, 5.39,
5431, 11320, 763.75, 5.39,
5442, 11372, 763.75, 5.40,
5453, 11450, 742.50, 5.40,
5464, 11503, 717.50, 5.40,
5475, 11591, 725.00, 5.41,
5486, 11655, 671.25, 5.41,
5497, 11691, 675.00, 5.40,
5508, 11727, 708.75, 5.40,
5519, 11801, 680.00, 5.40,
5530, 11857, 687.50, 5.41,
5541, 11895, 657.50, 5.41,
5553, 11961, 665.00, 5.41,
5565, 12009, 665.00, 5.41,
5577, 12077, 656.25, 5.41,
5588, 12116, 660.00, 5.41,
5599, 12165, 640.00, 5.41,
5610, 12195, 631.25, 5.41,
5621, 12254, 627.50, 5.41,
5632, 12264, 611.25, 5.41,
5643, 12335, 622.50, 5.41,
5654, 12366, 615.00, 5.42,
5665, 12406, 616.25, 5.42,
5677, 12458, 601.25, 5.41,
5688, 12510, 608.75, 5.42,
5700, 12520, 608.75, 5.42,
5711, 12583, 600.00, 5.42,
5723, 12605, 595.00, 5.43,
5735, 12658, 588.75, 5.42,
5746, 12701, 587.50, 5.43,
5758, 12722, 576.25, 5.42,
5770, 12744, 570.00, 5.42,
5782, 12798, 558.75, 5.43,
5793, 12831, 562.50, 5.43,
5804, 12875, 556.25, 5.43,
5815, 12886, 548.75, 5.43,
5826, 12897, 545.00, 5.43,
5837, 12953, 553.75, 5.43,
5848, 12975, 537.50, 5.43,
5859, 13009, 541.25, 5.43,
5870, 13032, 522.50, 5.43,
5881, 13077, 540.00, 5.43,
5892, 13054, 527.50, 5.43,
5903, 13100, 526.25, 5.44,
5914, 13089, 523.75, 5.43,
5925, 13146, 513.75, 5.43,
5936, 13123, 516.25, 5.44,
5947, 13192, 512.50, 5.44,
5958, 13215, 502.50, 5.44,
5969, 13250, 516.25, 5.43,
5981, 13239, 505.00, 5.44,
5992, 13262, 513.75, 5.44,
6004, 13321, 500.00, 5.44,
6016, 13333, 496.25, 5.44,
6028, 13357, 502.50, 5.44,
6039, 13357, 486.25, 5.44,
6051, 13392, 487.50, 5.44,
6063, 13416, 483.75, 5.44,
6075, 13428, 483.75, 5.45,
6086, 13440, 483.75, 5.44,
6098, 13464, 482.50, 5.44,
6110, 13477, 481.25, 5.45,
6121, 13501, 473.75, 5.44,
6133, 13501, 477.50, 5.44,
6145, 13525, 468.75, 5.44,
6157, 13550, 458.75, 5.44,
6168, 13586, 465.00, 5.45,
6180, 13574, 473.75, 5.44,
6192, 13550, 471.25, 5.44,
6204, 13599, 466.25, 5.45,
6215, 13648, 473.75, 5.45,
6227, 13636, 476.25, 5.45,
6239, 13661, 461.25, 5.45,
6250, 13673, 456.25, 5.45,
6262, 13698, 453.75, 5.44,
6274, 13698, 458.75, 5.45,
6286, 13723, 453.75, 5.45,
6297, 13698, 460.00, 5.45,
6309, 13748, 450.00, 5.45,
6321, 13736, 443.75, 5.45,
6332, 13748, 441.25, 5.45,
6344, 13736, 437.50, 5.45,
6355, 13761, 433.75, 5.44,
6366, 13812, 435.00, 5.45,
6377, 13824, 433.75, 5.45,
6388, 13837, 430.00, 5.44,
6400, 13824, 430.00, 5.45,
6411, 13850, 428.75, 5.45,
6422, 13863, 430.00, 5.45,
6433, 13876, 427.50, 5.45,
6444, 13888, 426.25, 5.45,
6455, 13901, 436.25, 5.45,
6467, 13914, 438.75, 5.45,
6478, 13876, 436.25, 5.45,
6490, 13914, 436.25, 5.45,
6502, 13940, 438.75, 5.45,
6513, 13940, 438.75, 5.45,
6525, 13927, 431.25, 5.45,
6537, 13940, 425.00, 5.45,
6549, 13940, 425.00, 5.45,
6560, 13979, 427.50, 5.46,
6571, 13979, 427.50, 5.46,
6582, 14018, 427.50, 5.45,
6593, 14005, 432.50, 5.46,
6604, 13992, 438.75, 5.45,
6615, 14018, 430.00, 5.46,
6626, 14018, 412.50, 5.45,
6637, 14018, 411.25, 5.45,
6648, 14031, 412.50, 5.45,
6660, 14044, 428.75, 5.45,
6672, 14058, 433.75, 5.45,
6683, 14058, 427.50, 5.45,
6695, 14071, 418.75, 5.45,
6707, 14031, 428.75, 5.46,
6718, 14071, 427.50, 5.46,
6730, 14097, 421.25, 5.46,
6742, 14058, 420.00, 5.45,
6754, 14097, 403.75, 5.45,
6765, 14097, 403.75, 5.46,
6777, 14097, 412.50, 5.46,
6789, 14097, 411.25, 5.45,
6800, 14097, 415.00, 5.46,
6812, 14111, 422.50, 5.46,
6824, 14111, 431.25, 5.46,
6836, 14177, 427.50, 5.46,
6848, 14137, 418.75, 5.45,
6859, 14084, 407.50, 5.46,
6871, 14124, 406.25, 5.45,
6883, 14137, 400.00, 5.45,
6894, 14137, 415.00, 5.46,
6906, 14150, 418.75, 5.46,
6918, 14164, 415.00, 5.46,
6930, 14150, 420.00, 5.46,
6941, 14111, 420.00, 5.45,
6953, 14137, 425.00, 5.45,
6965, 14150, 398.75, 5.46,
6977, 14150, 408.75, 5.46,
6988, 14164, 415.00, 5.45,
7000, 14164, 411.25, 5.46,
7012, 14164, 422.50, 5.46,
7023, 14164, 418.75, 5.46,
7035, 14164, 400.00, 5.47,
7047, 14150, 385.00, 5.46,
7059, 14164, 362.50, 5.47,
7070, 14164, 320.00, 5.47,
7083, 14150, 361.25, 5.50,
7094, 14058, 0.00, 5.52,
7106, 14031, 1.25, 5.52,
7118, 13953, 0.00, 5.52,
7129, 13914, 0.00, 5.53,
7140, 13863, 0.00, 5.53,
7151, 13799, 0.00, 5.53,
7162, 13711, 0.00, 5.53,
7174, 13673, 0.00, 5.53,
7186, 13611, 0.00, 5.53,
7198, 13537, 0.00, 5.53,
7211, 13477, 0.00, 5.53,
7223, 13404, 0.00, 5.53,
7235, 13321, 0.00, 5.53,
7247, 13297, 0.00, 5.53,
7258, 13250, 0.00, 5.53,
7269, 13181, 0.00, 5.53,
7280, 13123, 1.25, 5.53,
7291, 13066, 0.00, 5.53,
7303, 12964, 0.00, 5.53,
7315, 12942, 0.00, 5.53,
7327, 12897, 0.00, 5.54,
7340, 12820, 0.00, 5.53,
7351, 12755, 0.00, 5.53,
7362, 12711, 0.00, 5.54,
7373, 12658, 0.00, 5.54,
7384, 12615, 0.00, 5.54,
7396, 12552, 0.00, 5.54,
7408, 12500, 0.00, 5.54,
7420, 12376, 0.00, 5.54,
7431, 12345, 0.00, 5.54,
7442, 12285, 0.00, 5.54,
7453, 12254, 0.00, 5.54,
7464, 12165, 0.00, 5.54,
7476, 12165, 0.00, 5.54,
7488, 12096, 0.00, 5.54,
7500, 12057, 0.00, 5.54,
7511, 12000, 0.00, 5.54,
7522, 11923, 0.00, 5.54,
7533, 11848, 0.00, 5.54,
7544, 11829, 0.00, 5.54,
7556, 11764, 0.00, 5.54,
7568, 11718, 0.00, 5.54,
7580, 11636, 0.00, 5.54,
7592, 11591, 0.00, 5.54,
7603, 11574, 0.00, 5.54,
7614, 11494, 0.00, 5.54,
7625, 11441, 0.00, 5.54,
7636, 11398, 0.00, 5.54,
7648, 11346, 0.00, 5.54,
7659, 11303, 0.00, 5.54,
7670, 11252, 0.00, 5.54,
7681, 11202, 0.00, 5.54,
7692, 11160, 0.00, 5.54,
7704, 11070, 0.00, 5.54,
7716, 11037, 0.00, 5.54,
7727, 10980, 0.00, 5.54,
7738, 10932, 0.00, 5.54,
7749, 10885, 0.00, 5.54,
7760, 10830, 0.00, 5.54,
7772, 10791, 0.00, 5.54,
7784, 10737, 0.00, 5.54,
7796, 10691, 0.00, 5.54,
7809, 10630, 0.00, 5.54,
7821, 10585, 0.00, 5.54,
7833, 10504, 0.00, 5.54,
7845, 10460, 0.00, 5.54,
7856, 10409, 0.00, 5.54,
7867, 10359, 0.00, 5.54,
7878, 10323, 0.00, 5.54,
7889, 10281, 0.00, 5.54,
7900, 10231, 0.00, 5.54,
7911, 10183, 0.00, 5.54,
7922, 10121, 0.00, 5.54,
7933, 10073, 0.00, 5.54,
7945, 10013, 0.00, 5.54,
7957, 9946, 0.00, 5.54,
7969, 9900, 0.00, 5.54,
7980, 9874, 0.00, 5.54,
7991, 9855, 0.00, 5.54,
8002, 9797, 0.00, 5.54,
8014, 9740, 0.00, 5.54,
8025, 9696, 0.00, 5.54,
8036, 9640, 0.00, 5.54,
8047, 9609, 0.00, 5.54,
8058, 9566, 0.00, 5.54,
8069, 9517, 0.00, 5.54,
8080, 9463, 0.00, 5.54,
8091, 9439, 0.00, 5.54,
8103, 9386, 0.00, 5.54,
8114, 9316, 0.00, 5.54,
8125, 9253, 0.00, 5.55,
8136, 9253, 0.00, 5.54,
8148, 9202, 0.00, 5.54,
8159, 9146, 0.00, 5.54,
8170, 9079, 0.00, 5.54,
8181, 9074, 0.00, 5.54,
8193, 8960, 0.00, 5.54,
8205, 8949, 0.00, 5.54,
8216, 8902, 0.00, 5.54,
8227, 8875, 0.00, 5.54,
8238, 8823, 0.00, 5.54,
8250, 8792, 0.00, 5.54,
8262, 8741, 0.00, 5.54,
8273, 8685, 0.00, 5.54,
8284, 8675, 0.00, 5.54,
8295, 8605, 0.00, 5.54,
8307, 8527, 0.00, 5.54,
8320, 8527, 0.00, 5.54,
8331, 8469, 0.00, 5.54,
8342, 8393, 0.00, 5.54,
8353, 8384, 0.00, 5.54,
8365, 8333, 0.00, 5.54,
8377, 8296, 0.00, 5.54,
8388, 8250, 0.00, 5.54,
8399, 8169, 0.00, 5.54,
8410, 8161, 0.00, 5.55,
8422, 8103, 0.00, 5.54,
8434, 8077, 0.00, 5.54,
8446, 8017, 1.25, 5.54,
8457, 7987, 0.00, 5.54,
8468, 7915, 0.00, 5.54,
8479, 7907, 0.00, 5.54,
8492, 7828, 0.00, 5.55,
8504, 7824, 0.00, 5.54,
8516, 7767, 0.00, 5.55,
8527, 7696, 0.00, 5.54,
8538, 7676, 1.25, 5.55,
8549, 7653, 0.00, 5.54,
8560, 7571, 0.00, 5.54,
8571, 7560, 0.00, 5.54,
8582, 7533, 0.00, 5.54,
8593, 7470, 0.00, 5.54,
8605, 7440, 0.00, 5.55,
8617, 7363, 0.00, 5.54,
8628, 7352, 0.00, 5.54,
8639, 7324, 0.00, 5.55,
8650, 7260, 0.00, 5.54,
8663, 7235, 0.00, 5.54,
8675, 7163, 0.00, 5.54,
8687, 7142, 1.25, 5.54,
8699, 7082, 0.00, 5.54,
8710, 7052, 0.00, 5.55,
8721, 7019, 0.00, 5.54,
8732, 6989, 0.00, 5.55,
8744, 6925, 0.00, 5.55,
8755, 6896, 0.00, 5.54,
8766, 6883, 0.00, 5.55,
8777, 6802, 0.00, 5.55,
8788, 6772, 0.00, 5.54,
8799, 6741, 0.00, 5.55,
8810, 6711, 0.00, 5.54,
8821, 6678, 0.00, 5.55,
8832, 6610, 0.00, 5.54,
8843, 6590, 0.00, 5.54,
8854, 6550, 1.25, 5.55,
8865, 6518, 0.00, 5.55,
8876, 6499, 0.00, 5.55,
8887, 6423, 0.00, 5.55,
8898, 6385, 0.00, 5.54,
8909, 6350, 0.00, 5.55,
8920, 6337, 0.00, 5.55,
8931, 6291, 0.00, 5.55,
8942, 6263, 0.00, 5.55,
8954, 6195, 0.00, 5.54,
8965, 6162, 0.00, 5.55,
8976, 6129, 0.00, 5.54,
8987, 6095, 0.00, 5.55,
8998, 6065, 0.00, 5.54,
9009, 6028, 0.00, 5.55,
9020, 5992, 0.00, 5.55,
9031, 5971, 0.00, 5.55,
9042, 5919, 0.00, 5.55,
9053, 5852, 0.00, 5.55,
9064, 5836, 0.00, 5.54,
9075, 5793, 0.00, 5.54,
9088, 5758, 0.00, 5.55,
9100, 5723, 0.00, 5.55,
9111, 5703, 0.00, 5.55,
9122, 5634, 0.00, 5.55,
9133, 5626, 0.00, 5.55,
9145, 5578, 0.00, 5.55,
9157, 5557, 0.00, 5.55,
9169, 5514, 0.00, 5.55,
9180, 5468, 0.00, 5.55,
9191, 5442, 0.00, 5.55,
9202, 5407, 0.00, 5.55,
9214, 5334, 0.00, 5.54,
9225, 5298, 0.00, 5.55,
9236, 5298, 0.00, 5.55,
9247, 5261, 0.00, 5.55,
9259, 5224, 0.00, 5.54,
9270, 5188, 0.00, 5.55,
9281, 5151, 0.00, 5.55,
9292, 5115, 0.00, 5.55,
9304, 5081, 0.00, 5.55,
9316, 5036, 0.00, 5.55,
9327, 5016, 0.00, 5.55,
9338, 4952, 0.00, 5.55,
9349, 4924, 0.00, 5.54,
9361, 4885, 0.00, 5.55,
9373, 4849, 0.00, 5.55,
9385, 4812, 0.00, 5.55,
9396, 4774, 0.00, 5.55,
9407, 4734, 0.00, 5.55,
9418, 4696, 0.00, 5.55,
9431, 4696, 0.00, 5.55,
9443, 4655, 0.00, 5.55,
9455, 4616, 0.00, 5.55,
9466, 4588, 0.00, 5.55,
9477, 4528, 0.00, 5.55,
9488, 4491, 0.00, 5.55,
9500, 4457, 0.00, 5.55,
9512, 4415, 0.00, 5.55,
9523, 4415, 0.00, 5.55,
9534, 4374, 0.00, 5.55,
9545, 4334, 0.00, 5.55,
9558, 4291, 0.00, 5.55,
9570, 4249, 0.00, 5.55,
9581, 4207, 0.00, 5.55,
9592, 4207, 0.00, 5.55,
9603, 4165, 0.00, 5.55,
9615, 4123, 0.00, 5.55,
9627, 4080, 0.00, 5.54,
9638, 4080, 0.00, 5.55,
9649, 4037, 0.00, 5.55,
9660, 3995, 0.00, 5.55,
9671, 3946, 0.00, 5.55,
9682, 3946, 0.00, 5.55,
9693, 3911, 0.00, 5.55,
9704, 3852, 0.00, 5.55,
9716, 3810, 0.00, 5.55,
9729, 3810, 0.00, 5.55,
9741, 3776, 0.00, 5.55,
9752, 3722, 0.00, 5.55,
9763, 3722, 0.00, 5.55,
9774, 3677, 0.00, 5.55,
9786, 3630, 0.00, 5.55,
9798, 3582, 0.00, 5.55,
9810, 3582, 0.00, 5.55,
9821, 3541, 1.25, 5.55,
9832, 3483, 0.00, 5.55,
9843, 3483, 0.00, 5.55,
9856, 3440, 0.00, 5.55,
9868, 3389, 0.00, 5.55,
9880, 3389, 0.00, 5.55,
9891, 3343, 0.00, 5.55,
9902, 3343, 0.00, 5.55,
9913, 3290, 0.00, 5.55,
9924, 3240, 0.00, 5.55,
9935, 3240, 0.00, 5.55,
9946, 3197, 0.00, 5.55,
9957, 3197, 0.00, 5.55,
9969, 3133, 0.00, 5.55,
9981, 3081, 0.00, 5.55,
9992, 3081, 0.00, 5.55,
10003, 3030, 0.00, 5.55,
10014, 3030, 0.00, 5.55,
10025, 2983, 0.00, 5.55,
10036, 2983, 0.00, 5.55,
10047, 2921, 0.00, 5.55,
10058, 2921, 0.00, 5.55,
10070, 2870, 0.00, 5.55,
10082, 2870, 0.00, 5.55,
10094, 2803, 0.00, 5.55,
10106, 2754, 0.00, 5.55,
10117, 2754, 0.00, 5.55,
10128, 2695, 0.00, 5.55,
10139, 2695, 0.00, 5.55,
10150, 2637, 0.00, 5.55,
10162, 2637, 0.00, 5.55,
10173, 2577, 0.00, 5.55,
10184, 2577, 0.00, 5.55,
10195, 2517, 0.00, 5.55,
10206, 2517, 0.00, 5.55,
10218, 2517, 0.00, 5.55,
10230, 2460, 0.00, 5.55,
10241, 2460, 0.00, 5.55,
10252, 2392, 0.00, 5.55,
10263, 2392, 0.00, 5.55,
10274, 2319, 0.00, 5.55,
10285, 2319, 0.00, 5.55,
10296, 2319, 0.00, 5.55,
10307, 2259, 0.00, 5.55,
10318, 2259, 0.00, 5.55,
10330, 2192, 0.00, 5.55,
10342, 2192, 1.25, 5.55,
10354, 2123, 0.00, 5.55,
10366, 2123, 1.25, 5.55,
10377, 2123, 0.00, 5.55,
10388, 2055, 1.25, 5.55,
10399, 2055, 0.00, 5.55,
10411, 2055, 0.00, 5.55,
10422, 1974, 0.00, 5.55,
10434, 1974, 0.00, 5.55,
10445, 1897, 0.00, 5.55,
10456, 1897, 0.00, 5.55,
10467, 1897, 0.00, 5.55,
10478, 1821, 0.00, 5.55,
10490, 1821, 0.00, 5.55,
10501, 1821, 0.00, 5.55,
10512, 1739, 0.00, 5.55,
10523, 1739, 0.00, 5.55,
10534, 1739, 0.00, 5.55,
10546, 1739, 0.00, 5.55,
10558, 1654, 0.00, 5.55,
10570, 1654, 1.25, 5.55,
10583, 1654, 0.00, 5.55,
10595, 1561, 0.00, 5.55,
10607, 1561, 0.00, 5.55,
10619, 1561, 0.00, 5.55,
10630, 1467, 0.00, 5.55,
10641, 1467, 0.00, 5.55,
10652, 1467, 0.00, 5.55,
10663, 1467, 0.00, 5.55,
10675, 1366, 0.00, 5.55,
10687, 1366, 0.00, 5.55,
10699, 1366, 0.00, 5.55,
10710, 1366, 0.00, 5.55,
10721, 1257, 0.00, 5.55,
10732, 1257, 0.00, 5.55,
10743, 1257, 0.00, 5.55,
10754, 1257, 0.00, 5.55,
10765, 1257, 0.00, 5.55,
10776, 1139, 0.00, 5.55,
10787, 1139, 0.00, 5.55,
10799, 1139, 0.00, 5.55,
10811, 1139, 0.00, 5.55,
10823, 1139, 0.00, 5.55,
10835, 1009, 0.00, 5.55,
10846, 1009, 0.00, 5.55,
10857, 1009, 0.00, 5.55,
10868, 1009, 0.00, 5.55,
10880, 1009, 0.00, 5.55,
10892, 1009, 0.00, 5.55,
10903, 860, 0.00, 5.55,
10914, 860, 0.00, 5.55,
10925, 860, 1.25, 5.55,
10936, 860, 0.00, 5.55,
10947, 860, 0.00, 5.55,
10958, 860, 0.00, 5.55,
10969, 860, 0.00, 5.55,
10980, 860, 0.00, 5.55,
10992, 681, 0.00, 5.55,
11004, 681, 0.00, 5.55,
11015, 681, 0.00, 5.55,
11026, 681, 0.00, 5.55,
11037, 681, 0.00, 5.55,
11048, 681, 0.00, 5.55,
11059, 681, 0.00, 5.55,
11070, 681, 0.00, 5.55,
11081, 681, 0.00, 5.55,
11092, 681, 0.00, 5.55,
11103, 681, 0.00, 5.55,
11114, 681, 0.00, 5.55,
11125, 681, 0.00, 5.55,

