407, 0, 0, 6.47,
418, 0, 0, 6.47,
429, 0, 0, 6.47,
440, 0, 0, 6.47,
451, 0, 0, 6.47,
462, 0, 0, 6.47,
473, 0, 0, 6.47,
484, 0, 0, 6.47,
496, 0, 0, 6.47,
507, 0, 0, 6.47,
518, 0, 2901, 4.94,
529, 113, 2855, 4.93,
540, 113, 2780, 4.96,
551, 113, 2718, 4.97,
562, 113, 2630, 5.06,
573, 113, 2599, 5.02,
584, 1225, 2553, 5.05,
595, 1225, 2448, 5.09,
606, 2334, 2404, 5.04,
618, 2334, 2311, 5.16,
629, 2965, 2308, 5.13,
640, 2965, 2250, 5.18,
651, 3423, 2184, 5.20,
662, 3836, 2191, 5.20,
673, 4170, 2134, 5.28,
684, 4486, 2103, 5.27,
695, 4486, 2020, 5.29,
706, 4772, 1994, 5.26,
717, 5043, 1946, 5.30,
729, 5296, 1838, 5.33,
740, 5758, 1841, 5.37,
751, 5978, 1778, 5.36,
762, 6180, 1754, 5.38,
773, 6369, 1694, 5.41,
784, 6547, 1703, 5.41,
795, 6723, 1639, 5.41,
806, 7042, 1649, 5.45,
818, 7187, 1600, 5.45,
829, 7470, 1539, 5.47,
840, 7598, 1531, 5.49,
852, 7739, 1494, 5.48,
863, 7974, 1484, 5.49,
874, 8090, 1406, 5.51,
886, 8310, 1436, 5.52,
897, 8522, 1391, 5.54,
908, 8615, 1363, 5.55,
919, 8813, 1303, 5.55,
930, 8992, 1279, 5.56,
942, 9079, 1264, 5.58,
953, 9247, 1245, 5.58,
964, 9392, 1198, 5.58,
976, 9560, 1198, 5.61,
987, 9640, 1200, 5.62,
998, 9778, 1201, 5.63,
1010, 9900, 1171, 5.63,
1021, 10040, 1156, 5.65,
1032, 10155, 1126, 5.64,
1044, 10259, 1120, 5.66,
1056, 10416, 1098, 5.67,
1067, 10533, 1090, 5.67,
1078, 10630, 1085, 5.68,
1090, 10737, 1055, 5.69,
1102, 10845, 1041, 5.70,
1113, 10940, 1026, 5.71,
1124, 11029, 1014, 5.71,
1135, 11094, 1003, 5.71,
1146, 11269, 981, 5.72,
1157, 11303, 981, 5.73,
1169, 11432, 974, 5.73,
1180, 11511, 951, 5.74,
1191, 11591, 935, 5.75,
1203, 11627, 939, 5.76,
1214, 11783, 920, 5.76,
1225, 11829, 910, 5.76,
1236, 11904, 893, 5.76,
1247, 11990, 899, 5.77,
1258, 12057, 884, 5.77,
1270, 12155, 878, 5.78,
1281, 12214, 873, 5.78,
1292, 12244, 854, 5.79,
1304, 12355, 851, 5.80,
1315, 12468, 848, 5.80,
1326, 12479, 821, 5.79,
1338, 12552, 823, 5.80,
1349, 12605, 806, 5.81,
1360, 12658, 808, 5.82,
1372, 12733, 804, 5.82,
1383, 12787, 790, 5.82,
1394, 12853, 791, 5.83,
1405, 12908, 768, 5.82,
1416, 12953, 765, 5.83,
1427, 13020, 775, 5.84,
1439, 13100, 753, 5.84,
1451, 13123, 745, 5.84,
1462, 13157, 754, 5.85,
1473, 13227, 751, 5.85,
1484, 13227, 724, 5.85,
1495, 13309, 728, 5.86,
1507, 13345, 716, 5.86,
1518, 13392, 719, 5.87,
1529, 13452, 718, 5.87,
1541, 13501, 709, 5.87,
1552, 13501, 708, 5.87,
1563, 13550, 695, 5.87,
1574, 13623, 690, 5.88,
1585, 13661, 686, 5.87,
1596, 13748, 685, 5.90,
1608, 13736, 689, 5.89,
1619, 13799, 671, 5.88,
1630, 13812, 674, 5.89,
1642, 13850, 673, 5.88,
1653, 13888, 663, 5.88,
1664, 13940, 656, 5.89,
1676, 13966, 651, 5.89,
1687, 14005, 654, 5.90,
1698, 14031, 653, 5.90,
1710, 14058, 648, 5.89,
1721, 14084, 643, 5.92,
1732, 14137, 639, 5.90,
1743, 14164, 639, 5.92,
1754, 14177, 641, 5.90,
1765, 14231, 636, 5.91,
1777, 14245, 623, 5.92,
1788, 14272, 624, 5.92,
1799, 14312, 630, 5.91,
1811, 14340, 626, 5.92,
1822, 14354, 620, 5.92,
1833, 14367, 614, 5.92,
1845, 14409, 611, 5.92,
1856, 14436, 601, 5.92,
1867, 14450, 598, 5.93,
1879, 14478, 599, 5.94,
1890, 14506, 594, 5.93,
1901, 14506, 590, 5.93,
1912, 14563, 589, 5.93,
1923, 14563, 590, 5.93,
1934, 14534, 580, 5.94,
1946, 14605, 596, 5.94,
1957, 14634, 594, 5.94,
1968, 14662, 580, 5.95,
1980, 14677, 580, 5.94,
1991, 14691, 580, 5.94,
2002, 14705, 570, 5.94,
2014, 14677, 574, 5.94,
2025, 14749, 568, 5.94,
2036, 14763, 564, 5.95,
2048, 14807, 563, 5.95,
2059, 14822, 555, 5.95,
2070, 14822, 558, 5.95,
2081, 14836, 555, 5.96,
2092, 14866, 559, 5.95,
2103, 14866, 553, 5.94,
2115, 14895, 558, 5.96,
2126, 14910, 551, 5.95,
2137, 14925, 556, 5.96,
2149, 14940, 548, 5.96,
2160, 14955, 545, 5.96,
2171, 14940, 549, 5.96,
2183, 14970, 534, 5.97,
2194, 15000, 545, 5.96,
2205, 15000, 536, 5.98,
2216, 14985, 528, 5.97,
2227, 15045, 531, 5.97,
2238, 15060, 536, 5.97,
2250, 15060, 534, 5.97,
2262, 15090, 531, 5.96,
2273, 15060, 535, 5.97,
2284, 15060, 533, 5.97,
2295, 15120, 534, 5.97,
2306, 15120, 529, 5.97,
2318, 15136, 528, 5.97,
2329, 15151, 533, 5.98,
2340, 15166, 534, 5.97,
2352, 15136, 523, 5.97,
2363, 15182, 529, 5.97,
2374, 15197, 519, 5.97,
2385, 15197, 524, 5.97,
2396, 15151, 521, 5.98,
2407, 15228, 518, 5.98,
2419, 15228, 511, 5.98,
2430, 15243, 526, 5.98,
2441, 15212, 529, 5.98,
2453, 15259, 504, 5.98,
2464, 15259, 509, 5.99,
2475, 15274, 515, 5.98,
2487, 15290, 510, 5.98,
2498, 15306, 510, 5.98,
2509, 15290, 513, 5.98,
2521, 15337, 511, 5.98,
2532, 15337, 511, 5.98,
2543, 15306, 509, 5.98,
2554, 15353, 521, 5.98,
2565, 15353, 515, 5.99,
2576, 15353, 513, 5.98,
2588, 15337, 508, 5.99,
2599, 15400, 506, 5.99,
2610, 15384, 506, 5.99,
2622, 15400, 505, 5.99,
2633, 15384, 503, 5.98,
2644, 15416, 500, 6.00,
2656, 15416, 499, 5.99,
2667, 15416, 506, 5.99,
2678, 15432, 490, 6.00,
2689, 15432, 499, 5.99,
2700, 15400, 513, 6.00,
2711, 15447, 500, 5.99,
2722, 15447, 505, 5.99,
2733, 15432, 501, 6.00,
2744, 15463, 498, 5.99,
2756, 15463, 498, 5.99,
2767, 15495, 489, 5.99,
2778, 15463, 493, 5.99,
2790, 15495, 494, 5.99,
2801, 15511, 494, 5.99,
2812, 15463, 496, 5.99,
2824, 15511, 496, 5.99,
2835, 15511, 498, 5.99,
2846, 15527, 493, 6.00,
2857, 15527, 498, 5.99,
2868, 15544, 500, 5.99,
2879, 15544, 495, 5.99,
2891, 15560, 494, 5.99,
2902, 15560, 501, 6.00,
2913, 15511, 493, 5.99,
2925, 15560, 484, 5.99,
2936, 15560, 490, 5.99,
2947, 15576, 485, 6.00,
2958, 15576, 479, 6.00,
2969, 15576, 494, 6.01,
2980, 15576, 488, 6.00,
2992, 15592, 486, 6.00,
3003, 15592, 489, 6.00,
3014, 15608, 476, 6.01,
3025, 15608, 486, 6.00,
3036, 15592, 488, 6.01,
3047, 15608, 471, 6.00,
3059, 15608, 481, 6.00,
3070, 15625, 480, 6.01,
3081, 15625, 484, 6.00,
3093, 15641, 483, 5.99,
3104, 15641, 474, 6.00,
3115, 15625, 489, 6.00,
3127, 15657, 478, 6.00,
3138, 15641, 466, 6.00,
3149, 15657, 481, 6.00,
3161, 15657, 479, 6.00,
3172, 15657, 478, 6.00,
3183, 15657, 485, 6.00,
3194, 15657, 475, 6.00,
3205, 15673, 478, 6.00,
3216, 15673, 471, 6.00,
3228, 15690, 471, 6.00,
3239, 15690, 478, 6.00,
3250, 15657, 476, 6.00,
3262, 15690, 479, 6.00,
3273, 15690, 479, 6.00,
3284, 15690, 476, 6.01,
3296, 15706, 480, 6.00,
3307, 15706, 481, 6.00,
3318, 15706, 479, 6.00,
3330, 15706, 475, 6.01,
3341, 15723, 483, 6.00,
3352, 15723, 479, 6.00,
3363, 15723, 478, 6.00,
3374, 15723, 480, 6.01,
3385, 15772, 480, 6.00,
3397, 15739, 485, 6.00,
3408, 15739, 479, 6.00,
3419, 15739, 473, 6.00,
3431, 15706, 478, 6.01,
3442, 15756, 480, 6.00,
3453, 15739, 471, 6.00,
3465, 15706, 470, 6.00,
3476, 15756, 478, 6.00,
3487, 15739, 473, 6.00,
3499, 15772, 474, 6.00,
3510, 15772, 469, 6.00,
3521, 15772, 466, 6.01,
3532, 15756, 468, 6.01,
3543, 15789, 465, 6.01,
3554, 15789, 466, 6.01,
3566, 15789, 473, 6.00,
3577, 15806, 469, 6.01,
3588, 15789, 470, 6.01,
3600, 15806, 471, 6.00,
3611, 15806, 466, 6.01,
3622, 15806, 465, 6.02,
3634, 15822, 468, 6.01,
3645, 15822, 463, 6.01,
3656, 15822, 466, 6.01,
3667, 15822, 463, 6.01,
3678, 15822, 461, 6.01,
3689, 15822, 463, 6.01,
3701, 15822, 466, 6.01,
3712, 15789, 464, 6.01,
3723, 15806, 466, 6.00,
3735, 15839, 469, 6.01,
3746, 15839, 466, 6.01,
3757, 15856, 459, 6.01,
3769, 15772, 466, 6.01,
3780, 15856, 469, 6.01,
3791, 15839, 465, 6.01,
3802, 15839, 469, 6.01,
3813, 15856, 461, 6.01,
3824, 15806, 469, 6.00,
3835, 15856, 466, 6.01,
3846, 15856, 465, 6.01,
3857, 15873, 453, 6.01,
3869, 15856, 460, 6.01,
3880, 15856, 459, 6.01,
3891, 15839, 463, 6.01,
3903, 15873, 463, 6.01,
3914, 15723, 468, 6.01,
3926, 15321, 506, 5.99,
3937, 14880, 558, 5.96,
3948, 13914, 706, 5.90,
3959, 12626, 961, 5.79,
3971, 10775, 1503, 5.51,
3982, 8431, 2583, 5.06,
3993, 8431, 2878, 4.86,
4004, 8431, 2874, 4.84,
4015, 8431, 2861, 4.83,
4026, 8431, 2850, 4.82,
4038, 8431, 2845, 4.81,
4049, 8431, 2843, 4.80,
4060, 8431, 2841, 4.79,
4072, 8431, 2839, 4.79,
4083, 8431, 2834, 4.78,
4094, 8431, 2824, 4.78,
4106, 8431, 2809, 4.78,
4117, 8431, 2808, 4.78,
4128, 8431, 2810, 4.78,
4140, 8431, 2808, 4.77,
4151, 8431, 2806, 4.77,
4162, 8431, 2804, 4.76,
4173, 8431, 2805, 4.76,
4184, 8431, 2804, 4.76,
4195, 8431, 2801, 4.76,
4207, 8431, 2800, 4.75,
4218, 8431, 2798, 4.75,
4229, 8431, 2796, 4.75,
4241, 8431, 2793, 4.75,
4252, 8431, 2790, 4.75,
4263, 8431, 2786, 4.74,
4275, 8431, 2785, 4.74,
4286, 8431, 2785, 4.74,
4297, 8431, 2783, 4.74,
4308, 8431, 2780, 4.74,
4319, 8431, 2778, 4.74,
4330, 8431, 2775, 4.74,
4341, 8431, 2773, 4.74,
4352, 8431, 2773, 4.73,
4363, 8431, 2771, 4.73,
4375, 8431, 2770, 4.73,
4386, 8431, 2768, 4.73,
4397, 8431, 2768, 4.73,
4409, 8431, 2764, 4.73,
4420, 8431, 2764, 4.73,
4431, 8431, 2761, 4.72,
4443, 8431, 2761, 4.72,
4454, 8431, 2759, 4.72,
4465, 8431, 2758, 4.72,
4476, 8431, 2758, 4.72,
4487, 8431, 2755, 4.72,
4498, 8431, 2754, 4.72,
4510, 8431, 2751, 4.72,
4521, 8431, 2749, 4.72,
4532, 8431, 2748, 4.72,
4544, 8431, 2746, 4.72,
4555, 8431, 2745, 4.72,
4566, 8431, 2744, 4.72,
4578, 8431, 2741, 4.71,
4589, 8431, 2740, 4.71,
4600, 8431, 2739, 4.71,
4612, 8431, 2736, 4.71,
4623, 8431, 2736, 4.71,
4634, 8431, 2735, 4.71,
4645, 8431, 2733, 4.71,
4656, 8431, 2733, 4.71,
4667, 8431, 2730, 4.71,
4679, 8431, 2729, 4.71,
4690, 8431, 2728, 4.71,
4701, 8431, 2725, 4.71,
4713, 8431, 2724, 4.71,
4724, 8431, 2724, 4.71,
4736, 8431, 2721, 4.71,
4747, 8431, 2720, 4.71,
4758, 8431, 2720, 4.71,
4769, 8431, 2718, 4.70,
4781, 8431, 2718, 4.70,
4792, 8431, 2715, 4.70,
4803, 8431, 2714, 4.70,
4814, 8431, 2713, 4.70,
4825, 8431, 2711, 4.70,
4836, 8431, 2710, 4.70,
4848, 8431, 2709, 4.70,
4859, 8431, 2708, 4.70,
4870, 8431, 2706, 4.70,
4881, 8431, 2706, 4.70,
4892, 8431, 2704, 4.70,
4903, 8431, 2704, 4.70,
4914, 8431, 2703, 4.70,
4925, 8431, 2701, 4.70,
4937, 8431, 2700, 4.70,
4948, 8431, 2699, 4.70,
4959, 8431, 2698, 4.70,
4970, 8431, 2696, 4.70,
4981, 8431, 2695, 4.70,
4992, 8431, 2693, 4.70,
5003, 8431, 2691, 4.70,
5014, 8431, 2691, 4.70,
5025, 8431, 2690, 4.70,
5036, 8431, 2688, 4.70,
5047, 8431, 2688, 4.70,
5059, 8431, 2688, 4.70,
5070, 8431, 2685, 4.70,
5081, 8431, 2684, 4.70,
5093, 8431, 2684, 4.70,
5104, 8431, 2683, 4.69,
5115, 8431, 2683, 4.69,
5127, 8431, 2680, 4.69,
5138, 8431, 2679, 4.69,
5149, 8431, 2678, 4.69,
5160, 8431, 2676, 4.69,
5171, 8431, 2676, 4.69,
5182, 8431, 2675, 4.69,
5193, 8431, 2675, 4.69,
5204, 8431, 2674, 4.69,
5215, 8431, 2673, 4.69,
5227, 8431, 2671, 4.69,
5238, 8431, 2671, 4.69,
5249, 8431, 2670, 4.69,
5261, 8431, 2669, 4.69,
5272, 8431, 2668, 4.69,
5283, 8431, 2665, 4.69,
5295, 8431, 2665, 4.69,
5306, 8431, 2665, 4.69,
5317, 8431, 2663, 4.69,
5328, 8431, 2663, 4.69,
5339, 8431, 2661, 4.69,
5350, 8431, 2660, 4.69,
5362, 8431, 2659, 4.69,
5373, 8431, 2659, 4.69,
5384, 8431, 2658, 4.69,
5396, 8431, 2656, 4.69,
5407, 8431, 2656, 4.69,
5419, 8431, 2655, 4.69,
5431, 8431, 2654, 4.69,
5442, 8431, 2654, 4.69,
5453, 8431, 2651, 4.69,
5465, 8431, 2651, 4.69,
5476, 8431, 2651, 4.69,
5487, 8431, 2649, 4.69,
5498, 8431, 2649, 4.69,
5509, 8431, 2646, 4.69,
5520, 8431, 2645, 4.69,
5532, 8431, 2644, 4.69,
5543, 8431, 2644, 4.69,
5554, 8431, 2643, 4.69,
5566, 8431, 2641, 4.69,
5577, 8431, 2640, 4.69,
5588, 8431, 2639, 4.69,
5600, 8431, 2639, 4.68,
5611, 8431, 2638, 4.69,
5622, 8431, 2638, 4.69,
5633, 8431, 2639, 4.69,
5644, 8431, 2636, 4.69,
5655, 8431, 2635, 4.68,
5666, 8431, 2634, 4.69,
5677, 8431, 2634, 4.68,
5688, 8431, 2633, 4.69,
5700, 8431, 2631, 4.68,
5711, 8431, 2630, 4.69,
5722, 8431, 2630, 4.68,
5734, 8431, 2629, 4.68,
5745, 8431, 2628, 4.68,
5756, 8431, 2626, 4.68,
5768, 8431, 2626, 4.68,
5779, 8431, 2625, 4.68,
5790, 8431, 2624, 4.68,
5801, 8431, 2623, 4.68,
5812, 8431, 2621, 4.68,
5823, 8431, 2621, 4.68,
5835, 8431, 2621, 4.68,
5846, 8431, 2620, 4.68,
5857, 8431, 2619, 4.68,
5869, 8431, 2618, 4.68,
5880, 8431, 2618, 4.68,
5891, 8431, 2616, 4.68,
5903, 8431, 2615, 4.68,
5914, 8431, 2615, 4.68,
5925, 8431, 2614, 4.68,
5937, 8431, 2613, 4.68,
5948, 8431, 2613, 4.68,
5959, 8431, 2611, 4.68,
5970, 8431, 2610, 4.68,
5981, 8431, 2609, 4.68,
5992, 8431, 2609, 4.68,
6004, 8431, 2608, 4.68,
6016, 8431, 2608, 4.68,
6027, 8431, 2606, 4.68,
6038, 8431, 2606, 4.68,
6049, 8431, 2605, 4.68,
6060, 8431, 2604, 4.68,
6072, 8431, 2603, 4.68,
6083, 8431, 2601, 4.68,
6094, 8431, 2601, 4.68,
6106, 8431, 2600, 4.68,
6117, 8431, 2599, 4.68,
6128, 8431, 2598, 4.68,
6139, 8431, 2598, 4.68,
6150, 8431, 2598, 4.68,
6161, 8431, 2596, 4.68,
6173, 8431, 2595, 4.68,
6184, 8431, 2595, 4.68,
6195, 8431, 2594, 4.68,
6206, 8431, 2594, 4.68,
6217, 8431, 2593, 4.68,
6228, 8431, 2591, 4.68,
6239, 8431, 2591, 4.68,
6250, 8431, 2590, 4.68,
6261, 8431, 2589, 4.68,
6272, 8431, 2588, 4.68,
6283, 8431, 2588, 4.68,
6295, 8431, 2586, 4.68,
6306, 8431, 2585, 4.68,
6317, 8431, 2585, 4.68,
6329, 8431, 2584, 4.68,
6340, 8431, 2583, 4.68,
6351, 8431, 2583, 4.68,
6363, 8431, 2583, 4.68,
6374, 8431, 2580, 4.68,
6385, 8431, 2580, 4.68,
6396, 8431, 2579, 4.68,
6407, 8431, 2578, 4.68,
6418, 8431, 2578, 4.68,
6430, 8431, 2578, 4.68,
6441, 8431, 2576, 4.68,
6452, 8431, 2574, 4.68,
6464, 8431, 2575, 4.68,
6475, 8431, 2573, 4.68,
6486, 8431, 2571, 4.68,
6498, 8431, 2571, 4.68,
6509, 8431, 2571, 4.68,
6520, 8431, 2570, 4.68,
6531, 8431, 2570, 4.68,
6542, 8431, 2569, 4.68,
6553, 8431, 2569, 4.68,
6565, 8431, 2568, 4.68,
6576, 8431, 2566, 4.68,
6587, 8431, 2565, 4.68,
6598, 8431, 2565, 4.68,
6609, 8431, 2565, 4.68,
6620, 8431, 2564, 4.68,
6631, 8431, 2564, 4.68,
6642, 8431, 2561, 4.68,
6653, 8431, 2561, 4.68,
6664, 8431, 2560, 4.68,
6675, 8431, 2560, 4.68,
6687, 8431, 2559, 4.68,
6699, 8431, 2559, 4.68,
6710, 8431, 2558, 4.68,
6721, 8431, 2558, 4.68,
6732, 8431, 2556, 4.68,
6743, 8431, 2556, 4.68,
6755, 8431, 2555, 4.68,
6766, 8431, 2554, 4.68,
6777, 8431, 2554, 4.68,
6789, 8431, 2553, 4.68,
6800, 8431, 2553, 4.68,
6811, 8431, 2553, 4.68,
6822, 8431, 2550, 4.68,
6833, 8431, 2549, 4.68,
6844, 8431, 2551, 4.68,
6855, 8431, 2548, 4.68,
6866, 8431, 2549, 4.68,
6877, 8431, 2548, 4.68,
6888, 8431, 2546, 4.68,
6899, 8431, 2545, 4.68,
6910, 8431, 2545, 4.68,
6921, 8431, 2545, 4.68,
6932, 8431, 2544, 4.68,
6944, 8431, 2544, 4.68,
6955, 8431, 2543, 4.68,
6966, 8431, 2541, 4.68,
6977, 8431, 2540, 4.68,
6988, 8431, 2540, 4.68,
6999, 8431, 2539, 4.68,
7010, 8431, 2539, 4.68,
7021, 8431, 2538, 4.68,
7032, 8431, 2538, 4.68,
7043, 8431, 2536, 4.68,
7054, 8431, 2535, 4.68,
7066, 8431, 2535, 4.68,
7077, 8431, 2534, 4.68,
7088, 8431, 2534, 4.68,
7100, 8431, 2533, 4.68,
7111, 8431, 2533, 4.68,
7122, 8431, 2531, 4.68,
7134, 8431, 2530, 4.68,
7145, 8431, 2530, 4.68,
7156, 8431, 2530, 4.68,
7168, 8431, 2529, 4.68,
7179, 8431, 2529, 4.68,
7190, 8431, 2526, 4.68,
7201, 8431, 2528, 4.68,
7212, 8431, 2526, 4.68,
7223, 8431, 2524, 4.68,
7235, 8431, 2525, 4.68,
7246, 8431, 2524, 4.68,
7257, 8431, 2524, 4.68,
7269, 8431, 2523, 4.68,
7280, 8431, 2521, 4.68,
7291, 8431, 2521, 4.68,
7303, 8431, 2521, 4.68,
7314, 8431, 2520, 4.68,
7325, 8431, 2519, 4.68,
7336, 8431, 2519, 4.68,
7347, 8431, 2518, 4.68,
7358, 8431, 2518, 4.68,
7369, 8431, 2516, 4.68,
7380, 8431, 2516, 4.68,
7391, 8431, 2515, 4.68,
7402, 8431, 2514, 4.68,
7413, 8431, 2514, 4.68,
7425, 8431, 2513, 4.68,
7436, 8431, 2513, 4.68,
7447, 8431, 2511, 4.68,
7458, 8431, 2511, 4.68,
7469, 8431, 2510, 4.68,
7480, 8431, 2510, 4.68,
7492, 8431, 2510, 4.68,
7503, 8431, 2509, 4.68,
7514, 8431, 2508, 4.68,
7525, 8431, 2509, 4.68,
7536, 8431, 2506, 4.68,
7547, 8431, 2506, 4.68,
7558, 8431, 2505, 4.68,
7569, 8431, 2504, 4.68,
7580, 8431, 2503, 4.68,
7591, 8431, 2503, 4.68,
7602, 8431, 2501, 4.68,
7614, 8431, 2501, 4.68,
7625, 8431, 2501, 4.68,
7636, 8431, 2501, 4.68,
7648, 8431, 2500, 4.68,
7659, 8431, 2499, 4.68,
7670, 8431, 2498, 4.68,
7682, 8431, 2499, 4.68,
7693, 8431, 2499, 4.68,
7704, 8431, 2496, 4.68,
7715, 8431, 2495, 4.68,
7726, 8431, 2496, 4.68,
7737, 8431, 2495, 4.68,
7749, 8431, 2495, 4.68,
7760, 8431, 2494, 4.68,
7771, 8431, 2493, 4.68,
7783, 8431, 2491, 4.68,
7794, 8431, 2491, 4.68,
7805, 8431, 2490, 4.68,
7817, 8431, 2490, 4.68,
7828, 8431, 2490, 4.68,
7839, 8431, 2489, 4.68,
7851, 8431, 2489, 4.68,
7862, 8431, 2488, 4.68,
7873, 8431, 2486, 4.68,
7885, 8431, 2486, 4.68,
7896, 8431, 2488, 4.68,
7907, 8431, 2485, 4.68,
7918, 8431, 2485, 4.68,
7929, 8431, 2484, 4.68,
7940, 8431, 2484, 4.68,
7952, 8431, 2484, 4.68,
7963, 8431, 2483, 4.68,
7974, 8431, 2481, 4.68,
7986, 8431, 2481, 4.68,
7997, 8431, 2480, 4.68,
8008, 8431, 2479, 4.68,
8020, 8431, 2479, 4.68,
8031, 8431, 2479, 4.68,
8042, 8431, 2476, 4.68,
8053, 8431, 2478, 4.68,
8064, 8431, 2476, 4.68,
8075, 8431, 2476, 4.68,
8087, 8431, 2475, 4.68,
8098, 8431, 2474, 4.68,
8109, 8431, 2474, 4.68,
8121, 8431, 2474, 4.68,
8132, 8431, 2474, 4.68,
8143, 8431, 2471, 4.68,
8154, 8431, 2473, 4.68,
8165, 8431, 2470, 4.68,
8176, 8431, 2470, 4.68,
8187, 8431, 2470, 4.68,
8198, 8431, 2470, 4.68,
8209, 8431, 2469, 4.68,
8220, 8431, 2468, 4.68,
8231, 8431, 2468, 4.68,
8243, 8431, 2466, 4.68,
8254, 8431, 2466, 4.68,
8265, 8431, 2466, 4.68,
8276, 8431, 2465, 4.68,
8287, 8431, 2465, 4.68,
8298, 8431, 2465, 4.68,
8310, 8431, 2465, 4.68,
8321, 8431, 2464, 4.68,
8332, 8431, 2463, 4.68,
8343, 8431, 2460, 4.68,
8354, 8431, 2463, 4.68,
8365, 8431, 2461, 4.68,
8376, 8431, 2460, 4.68,
8387, 8431, 2459, 4.68,
8398, 8431, 2459, 4.68,
8409, 8431, 2459, 4.68,
8420, 8431, 2458, 4.68,
8431, 8431, 2458, 4.68,
8442, 8431, 2456, 4.68,
8453, 8431, 2456, 4.68,
8464, 8431, 2456, 4.68,
8475, 8431, 2455, 4.68,
8486, 8431, 2455, 4.68,
8497, 8431, 2455, 4.68,
8508, 8431, 2455, 4.68,
8519, 8431, 2453, 4.68,
8530, 8431, 2454, 4.68,
8541, 8431, 2454, 4.68,
8552, 8431, 2453, 4.68,
8563, 8431, 2453, 4.68,
8574, 8431, 2451, 4.68,
8585, 8431, 2451, 4.68,
8596, 8431, 2449, 4.68,
8607, 8431, 2450, 4.68,
8619, 8431, 2449, 4.68,
8630, 8431, 2449, 4.68,
8641, 8431, 2448, 4.68,
8652, 8431, 2446, 4.68,
8663, 8431, 2446, 4.68,
8674, 8431, 2446, 4.68,
8685, 8431, 2445, 4.68,
8697, 8431, 2445, 4.68,
8708, 8431, 2445, 4.68,
8719, 8431, 2444, 4.68,
8730, 8431, 2444, 4.68,
8741, 8431, 2443, 4.68,
8752, 8431, 2441, 4.68,
8763, 8431, 2441, 4.68,
8774, 8431, 2441, 4.68,
8785, 8431, 2441, 4.68,
8796, 8431, 2440, 4.68,
8807, 8431, 2439, 4.68,
8818, 8431, 2438, 4.68,
8829, 8431, 2438, 4.68,
8840, 8431, 2438, 4.68,
8852, 8431, 2438, 4.68,
8863, 8431, 2438, 4.68,
8875, 8431, 2435, 4.68,
8886, 8431, 2435, 4.68,
8897, 8431, 2435, 4.68,
8908, 8431, 2434, 4.68,
8919, 8431, 2433, 4.68,
8930, 8431, 2431, 4.68,
8941, 8431, 2431, 4.68,
8952, 8431, 2431, 4.68,
8963, 8431, 2431, 4.68,
8974, 8431, 2430, 4.68,
8985, 8431, 2430, 4.68,
8996, 8431, 2430, 4.68,
9007, 8431, 2429, 4.68,
9018, 8431, 2428, 4.68,
9029, 8431, 2428, 4.68,
9041, 8431, 2426, 4.68,
9052, 8431, 2428, 4.68,
9063, 8431, 2425, 4.68,
9074, 8431, 2424, 4.68,
9085, 8431, 2424, 4.68,
9096, 8431, 2424, 4.68,
9107, 8431, 2423, 4.68,
9118, 8431, 2421, 4.68,
9129, 8431, 2421, 4.68,
9140, 8431, 2420, 4.68,
9151, 8431, 2419, 4.68,
9163, 8431, 2419, 4.68,
9174, 8431, 2416, 4.68,
9185, 8431, 2416, 4.68,
9197, 8431, 2415, 4.68,
9208, 8431, 2414, 4.68,
9219, 8431, 2413, 4.68,
9231, 8431, 2413, 4.68,
9242, 8431, 2410, 4.68,
9253, 8431, 2409, 4.68,
9265, 8431, 2406, 4.69,
9276, 8431, 2405, 4.68,
9287, 8431, 2405, 4.68,
9298, 8431, 2406, 4.68,
9309, 8431, 2401, 4.69,
9320, 8431, 2401, 4.69,
9332, 8431, 2399, 4.69,
9344, 8431, 2399, 4.69,
9355, 8431, 2398, 4.69,
9366, 8431, 2399, 4.69,
9377, 8431, 2401, 4.68,
9388, 8431, 2403, 4.68,
9400, 8431, 2400, 4.69,
9411, 8431, 2393, 4.69,
9422, 8431, 2384, 4.69,
9434, 8431, 2399, 4.69,
9445, 8431, 2403, 4.69,
9456, 8431, 2423, 4.68,
9467, 8431, 2418, 4.69,
9478, 8431, 2413, 4.69,
9489, 10, 2375, 4.73,
9500, 10, 2334, 4.72,
9511, 10, 2343, 4.73,
9522, 1648, 2298, 4.77,
9533, 1648, 2176, 5.70,
9544, 1648, 0, 5.74,
9555, 2309, 0, 5.76,
9566, 2309, 0, 5.78,
9577, 2219, 0, 5.79,
9588, 2219, 0, 5.80,
9600, 2219, 0, 5.81,
9611, 2086, 0, 5.82,
9622, 2086, 0, 5.82,
9633, 1944, 0, 5.83,
9644, 1944, 0, 5.84,
9655, 1944, 0, 5.84,
9667, 1797, 0, 5.84,
9678, 1797, 0, 5.85,
9690, 1797, 0, 5.85,
9701, 1797, 1, 5.86,
9712, 1644, 0, 5.86,
9723, 1644, 0, 5.86,
9734, 1644, 0, 5.87,
9745, 1480, 0, 5.87,
9756, 1480, 0, 5.88,
9767, 1480, 0, 5.88,
9778, 1480, 0, 5.88,
9789, 1305, 0, 5.88,
9800, 1305, 0, 5.89,
9811, 1305, 0, 5.89,
9822, 1305, 0, 5.89,
9833, 1305, 0, 5.90,
9844, 1114, 0, 5.90,
9857, 1114, 0, 5.90,
9868, 1114, 0, 5.90,
9879, 1114, 0, 5.90,
9890, 1114, 0, 5.91,
9901, 1114, 0, 5.91,
9912, 899, 0, 5.91,
9923, 899, 0, 5.91,
9934, 899, 0, 5.92,
9946, 899, 0, 5.92,
9957, 899, 0, 5.92,
9968, 899, 0, 5.92,
9979, 899, 0, 5.92,
9990, 899, 0, 5.92,
10001, 899, 0, 5.93,
10012, 639, 0, 5.93,
10023, 639, 0, 5.93,
10034, 639, 0, 5.93,
10045, 639, 0, 5.93,
10056, 639, 0, 5.94,
10068, 639, 0, 5.94,
10079, 639, 0, 5.94,
10090, 639, 0, 5.94,
10101, 639, 0, 5.94,
10113, 639, 0, 5.94,
10124, 639, 0, 5.95,
10135, 639, 0, 5.95,
10147, 639, 0, 5.95,
10158, 639, 0, 5.95,
10170, 639, 0, 5.95,
10181, 639, 0, 5.95,
10192, 639, 0, 5.95,
10203, 639, 0, 5.95,
10214, 639, 0, 5.96,
10226, 639, 0, 5.96,
10237, 639, 0, 5.96,
10248, 639, 0, 5.96,
10259, 639, 1, 5.96,
10270, 639, 0, 5.96,
10281, 639, 0, 5.96,
10292, 639, 0, 5.96,
10303, 639, 0, 5.97,
10314, 639, 0, 5.97,
10327, 639, 0, 5.97,
10338, 639, 0, 5.97,
10349, 639, 0, 5.97,
10360, 639, 0, 5.97,
10371, 639, 0, 5.97,
10382, 639, 0, 5.98,
10393, 639, 0, 5.98,
10405, 639, 0, 5.98,
10416, 639, 0, 5.98,
10427, 639, 1, 5.98,
10438, 639, 0, 5.98,
10449, 639, 0, 5.98,
10460, 639, 0, 5.98,
10471, 639, 0, 5.98,
10483, 639, 0, 5.98,
10494, 639, 0, 5.99,
10506, 639, 0, 5.99,
10517, 639, 0, 5.99,
10528, 639, 0, 5.99,
10539, 639, 0, 5.99,
10550, 639, 0, 5.99,
10561, 639, 0, 5.99,
10572, 639, 0, 5.99,
10583, 639, 0, 5.99,
10594, 639, 0, 5.99,
10606, 639, 0, 6.00,
10617, 639, 0, 6.00,
10628, 639, 0, 6.00,
10639, 639, 1, 6.00,
10650, 639, 0, 6.00,
10661, 639, 0, 6.00,
10672, 639, 0, 6.00,
10683, 639, 0, 6.00,
10694, 639, 0, 6.00,
10705, 639, 0, 6.00,
10716, 639, 0, 6.01,
10727, 639, 0, 6.01,
10738, 639, 0, 6.01,
10750, 639, 0, 6.01,
10761, 639, 0, 6.01,
10772, 639, 0, 6.01,
10783, 639, 0, 6.01,
10795, 639, 0, 6.01,
10806, 639, 0, 6.01,
10817, 639, 0, 6.01,
10829, 639, 0, 6.01,
10840, 639, 0, 6.01,
10851, 639, 0, 6.01,
10862, 639, 0, 6.01,
10873, 639, 0, 6.01,
10884, 639, 0, 6.02,
10895, 639, 0, 6.02,
10906, 639, 0, 6.02,
10917, 639, 0, 6.02,
10928, 639, 0, 6.02,
10939, 639, 0, 6.02,
10951, 639, 0, 6.02,
10962, 639, 0, 6.02,
10974, 639, 0, 6.02,
10985, 639, 0, 6.02,
10996, 639, 0, 6.03,
11009, 639, 0, 6.03,
11020, 639, 0, 6.03,
11031, 639, 0, 6.03,
11042, 639, 0, 6.03,
11053, 639, 0, 6.03,
11064, 639, 0, 6.03,
11075, 639, 0, 6.03,
11087, 639, 0, 6.03,
11098, 639, 0, 6.03,
11110, 639, 0, 6.03,
11121, 639, 0, 6.03,
11132, 639, 0, 6.03,
11143, 639, 0, 6.03,
11154, 639, 0, 6.03,
11165, 639, 0, 6.04,
11176, 639, 0, 6.04,
11187, 639, 1, 6.04,
11198, 639, 0, 6.04,
11210, 639, 0, 6.04,
11222, 639, 0, 6.04,
11233, 639, 0, 6.04,
11244, 639, 0, 6.04,
11255, 639, 0, 6.04,
11266, 639, 0, 6.04,
11277, 639, 0, 6.04,
11288, 639, 0, 6.05,
11299, 639, 0, 6.04,
11310, 639, 0, 6.05,
11321, 639, 0, 6.04,
11333, 639, 0, 6.05,
11344, 639, 0, 6.05,
11355, 639, 0, 6.05,
11366, 639, 0, 6.05,
11377, 639, 0, 6.05,
11388, 639, 0, 6.05,
11399, 639, 0, 6.05,
11410, 639, 0, 6.05,
11421, 639, 1, 6.05,
11433, 639, 0, 6.05,
11444, 639, 0, 6.05,
11455, 639, 0, 6.05,
11466, 639, 0, 6.05,
11478, 639, 0, 6.05,
11489, 639, 0, 6.05,
11500, 639, 0, 6.05,
11512, 639, 0, 6.05,
11523, 639, 0, 6.05,
11535, 639, 0, 6.05,
11546, 639, 0, 6.06,
11557, 639, 0, 6.06,
11568, 639, 0, 6.06,
11579, 639, 0, 6.06,
11590, 639, 0, 6.06,
11601, 639, 0, 6.06,
11612, 639, 0, 6.06,
11623, 639, 0, 6.06,
11635, 639, 0, 6.06,
11646, 639, 1, 6.06,
11657, 639, 0, 6.06,
11668, 639, 0, 6.06,
11679, 639, 0, 6.06,
11691, 639, 0, 6.06,
11702, 639, 0, 6.07,
11714, 639, 0, 6.07,
11725, 639, 0, 6.07,
11736, 639, 0, 6.07,
11747, 639, 0, 6.07,
11758, 639, 0, 6.07,
11769, 639, 0, 6.07,
11780, 639, 0, 6.07,
11791, 639, 0, 6.07,
11802, 639, 0, 6.07,
11813, 639, 0, 6.07,
11824, 639, 0, 6.07,
11835, 639, 0, 6.07,
11846, 639, 0, 6.07,
11858, 639, 0, 6.07,
11869, 639, 0, 6.07,
11880, 639, 0, 6.07,
11891, 639, 0, 6.07,
11902, 639, 0, 6.07,
11913, 639, 0, 6.07,
11924, 639, 0, 6.07,
11935, 639, 0, 6.07,
11947, 639, 0, 6.08,
11959, 639, 0, 6.08,
11970, 639, 0, 6.08,
11981, 639, 0, 6.08,
11992, 639, 0, 6.08,
12003, 639, 0, 6.08,
12014, 639, 0, 6.08,
12025, 639, 0, 6.08,
12036, 639, 0, 6.08,
12047, 639, 0, 6.08,
12058, 639, 0, 6.08,
12069, 639, 0, 6.08,
12080, 639, 0, 6.08,
12091, 639, 0, 6.08,
12103, 639, 0, 6.08,
12114, 639, 0, 6.08,
12125, 639, 0, 6.08,
12136, 639, 0, 6.08,
12147, 639, 0, 6.09,
12158, 639, 0, 6.09,
12169, 639, 0, 6.09,
12180, 639, 0, 6.09,
12191, 639, 0, 6.09,
12204, 639, 0, 6.09,
12215, 639, 0, 6.09,
12226, 639, 0, 6.09,
12237, 639, 0, 6.09,
12248, 639, 0, 6.09,
12259, 639, 0, 6.09,
12270, 639, 0, 6.09,
12282, 639, 0, 6.09,
12293, 639, 0, 6.09,
12305, 639, 0, 6.09,
12316, 639, 0, 6.09,
12327, 639, 0, 6.09,
12338, 639, 0, 6.09,
12349, 639, 0, 6.09,
12360, 639, 0, 6.09,
12371, 639, 0, 6.09,
12382, 639, 0, 6.09,
12393, 639, 0, 6.09,
12405, 639, 0, 6.09,
12416, 639, 0, 6.09,
12427, 639, 0, 6.10,
12438, 639, 0, 6.10,
12449, 639, 0, 6.10,
12460, 639, 0, 6.10,
12471, 639, 0, 6.10,
12482, 639, 0, 6.10,
12493, 639, 0, 6.10,
12504, 639, 0, 6.10,
12515, 639, 0, 6.10,
12526, 639, 0, 6.10,
12537, 639, 0, 6.10,
12548, 639, 0, 6.10,
12559, 639, 0, 6.10,
12571, 639, 0, 6.10,
12582, 639, 0, 6.10,
12593, 639, 0, 6.10,
12604, 639, 0, 6.10,
12615, 639, 0, 6.10,
12626, 639, 0, 6.10,
12637, 639, 0, 6.10,
12648, 639, 0, 6.10,
12659, 639, 0, 6.10,
12672, 639, 0, 6.10,
12683, 639, 0, 6.11,
12694, 639, 0, 6.11,
12705, 639, 0, 6.11,
12716, 639, 0, 6.11,
12727, 639, 0, 6.11,
12738, 639, 0, 6.11,
12750, 639, 0, 6.11,
12761, 639, 0, 6.11,
12772, 639, 0, 6.11,
12783, 639, 0, 6.11,
12794, 639, 0, 6.11,
12805, 639, 0, 6.11,
12816, 639, 0, 6.11,
12827, 639, 0, 6.11,
12838, 639, 0, 6.11,
12849, 639, 0, 6.11,
12860, 639, 0, 6.11,
12872, 639, 0, 6.11,
12883, 639, 0, 6.11,
12895, 639, 0, 6.11,
12906, 639, 0, 6.11,
12917, 639, 0, 6.11,
12928, 639, 0, 6.11,
12939, 639, 0, 6.11,
12950, 639, 0, 6.11,
12961, 639, 0, 6.11,
12972, 639, 0, 6.11,
12983, 639, 0, 6.12,
12995, 639, 0, 6.11,
13006, 639, 0, 6.12,
13017, 639, 0, 6.11,
13028, 639, 0, 6.12,
13039, 639, 0, 6.12,
13050, 639, 0, 6.12,
13061, 639, 0, 6.12,
13072, 639, 0, 6.12,
13083, 639, 0, 6.12,
13095, 639, 1, 6.12,
13106, 639, 0, 6.12,
13117, 639, 0, 6.12,
13128, 639, 0, 6.12,
13139, 639, 0, 6.12,
13150, 639, 0, 6.12,
13161, 639, 0, 6.12,
13172, 639, 0, 6.12,
13184, 639, 0, 6.12,
13196, 639, 0, 6.12,
13207, 639, 0, 6.12,
13218, 639, 0, 6.12,
13229, 639, 0, 6.12,
13240, 639, 0, 6.12,
13251, 639, 0, 6.12,
13262, 639, 0, 6.12,
13273, 639, 0, 6.12,
13284, 639, 0, 6.12,
13295, 639, 0, 6.12,
13306, 639, 0, 6.12,
13317, 639, 0, 6.13,
13328, 639, 0, 6.13,
13340, 639, 0, 6.13,
13351, 639, 0, 6.13,
13362, 639, 0, 6.13,
13373, 639, 0, 6.13,
13384, 639, 0, 6.13,
13395, 639, 0, 6.13,
13406, 639, 0, 6.13,
13417, 639, 0, 6.13,
13428, 639, 0, 6.13,
13441, 639, 0, 6.13,
13452, 639, 0, 6.13,
13463, 639, 0, 6.13,
13475, 639, 0, 6.13,
13486, 639, 0, 6.13,
13497, 639, 0, 6.13,
13508, 639, 0, 6.13,
13519, 639, 0, 6.13,
13530, 639, 0, 6.13,
13541, 639, 0, 6.13,
13552, 639, 0, 6.13,
13563, 639, 0, 6.13,
13574, 639, 0, 6.13,
13585, 639, 0, 6.13,
13596, 639, 0, 6.13,
13607, 639, 0, 6.13,
13618, 639, 0, 6.13,
13629, 639, 0, 6.14,
13641, 639, 0, 6.14,
13652, 639, 0, 6.14,
13663, 639, 0, 6.14,
13674, 639, 0, 6.14,
13685, 639, 0, 6.14,
13696, 639, 0, 6.14,
13707, 639, 0, 6.14,
13718, 639, 0, 6.14,
13729, 639, 0, 6.14,
13740, 639, 0, 6.14,
13751, 639, 0, 6.14,
13763, 639, 0, 6.14,
13774, 639, 0, 6.14,
13785, 639, 0, 6.14,
13796, 639, 0, 6.14,
13807, 639, 0, 6.14,
13818, 639, 0, 6.14,
13829, 639, 0, 6.14,
13840, 639, 0, 6.14,
13851, 639, 0, 6.14,
13863, 639, 0, 6.14,
13874, 639, 0, 6.14,
13885, 639, 0, 6.14,
13896, 639, 0, 6.14,
13907, 639, 0, 6.14,
13918, 639, 0, 6.14,
13929, 639, 0, 6.14,
13940, 639, 0, 6.14,
13952, 639, 0, 6.14,
13963, 639, 0, 6.14,
13974, 639, 0, 6.14,
13986, 639, 0, 6.14,
13997, 639, 0, 6.14,
14008, 639, 0, 6.14,
14019, 639, 0, 6.14,
14030, 639, 0, 6.14,
14041, 639, 0, 6.15,
14052, 639, 0, 6.15,
14063, 639, 0, 6.15,
14074, 639, 0, 6.15,
14085, 639, 0, 6.15,
14096, 639, 0, 6.15,
14108, 639, 0, 6.15,
14119, 639, 0, 6.15,
14130, 639, 0, 6.15,
14141, 639, 0, 6.15,
14152, 639, 0, 6.15,
14163, 639, 0, 6.15,
14174, 639, 0, 6.15,
14185, 639, 0, 6.15,
14196, 639, 0, 6.15,
14209, 639, 0, 6.15,
14220, 639, 0, 6.15,
14231, 639, 0, 6.15,
14242, 639, 0, 6.15,
14253, 639, 0, 6.15,
14264, 639, 1, 6.15,
14275, 639, 0, 6.15,
14287, 639, 0, 6.15,
14298, 639, 0, 6.15,
14309, 639, 0, 6.15,
14320, 639, 1, 6.15,
14331, 639, 0, 6.15,
14342, 639, 0, 6.15,
14353, 639, 0, 6.15,
14364, 639, 0, 6.15,
14375, 639, 0, 6.15,
