Adafruit INA260 Test,,,,,,,,,,,,,,,,,,,
Found INA260 chip,,,,,,,,,,,,,,,,,,,
time (ms),time(s), rpm, mA, mA max,,,,,,,,,,,,,,,
1296,0,0,213.75,213.75,,,,,,,,,,,,,,,
1298,0.002,0,2666.25,2666.25,,,,,,,,,,,,,,,
1346,0.05,0,2388.75,2666.25,,16632.37912,441.5796703,,,,,,,,,,,Peak current,2.67 A
1349,0.053,44,2286.25,2666.25,,,,,,,,,,,,,,Idle current,0.44 A
1378,0.082,1944,2271.25,2666.25,,14969.14121,,,,,,,,,,,,Max RPMs,16630
1400,0.104,2652,2193.75,2666.25,,,,,,,,,,,,,,Time to 90%,1.41 s
1419,0.123,3175,2046.25,2666.25,,,,,,,,,,,,,,,
1436,0.14,3604,1935,2666.25,,,,,,,,,,,,,,,
1451,0.155,3973,1868.75,2666.25,,,,,,,,,,,,,,,
1465,0.169,4304,1983.75,2666.25,,,,,,,,,,,,,,,
1478,0.182,4599,1937.5,2666.25,,,,,,,,,,,,,,,
1490,0.194,4878,1838.75,2666.25,,,,,,,,,,,,,,,
1502,0.206,5121,1837.5,2666.25,,,,,,,,,,,,,,,
1513,0.217,5360,1760,2666.25,,,,,,,,,,,,,,,
1524,0.228,5582,1736.25,2666.25,,,,,,,,,,,,,,,
1536,0.24,5789,1765,2666.25,,,,,,,,,,,,,,,
1547,0.251,5983,1648.75,2666.25,,,,,,,,,,,,,,,
1558,0.262,6175,1608.75,2666.25,,,,,,,,,,,,,,,
1569,0.273,6355,1576.25,2666.25,,,,,,,,,,,,,,,
1580,0.284,6518,1608.75,2666.25,,,,,,,,,,,,,,,
1591,0.295,6836,1597.5,2666.25,,,,,,,,,,,,,,,
1602,0.306,6986,1552.5,2666.25,,,,,,,,,,,,,,,
1613,0.317,7149,1487.5,2666.25,,,,,,,,,,,,,,,
1624,0.328,7400,1475,2666.25,,,,,,,,,,,,,,,
1635,0.339,7526,1478.75,2666.25,,,,,,,,,,,,,,,
1646,0.35,7653,1452.5,2666.25,,,,,,,,,,,,,,,
1657,0.361,7890,1401.25,2666.25,,,,,,,,,,,,,,,
1668,0.372,8025,1415,2666.25,,,,,,,,,,,,,,,
1679,0.383,8237,1375,2666.25,,,,,,,,,,,,,,,
1690,0.394,8324,1346.25,2666.25,,,,,,,,,,,,,,,
1701,0.405,8513,1313.75,2666.25,,,,,,,,,,,,,,,
1712,0.416,8670,1338.75,2666.25,,,,,,,,,,,,,,,
1723,0.427,8828,1300,2666.25,,,,,,,,,,,,,,,
1734,0.438,9009,1296.25,2666.25,,,,,,,,,,,,,,,
1745,0.449,9118,1245,2666.25,,,,,,,,,,,,,,,
1756,0.46,9264,1232.5,2666.25,,,,,,,,,,,,,,,
1767,0.471,9410,1242.5,2666.25,,,,,,,,,,,,,,,
1778,0.482,9590,1260,2666.25,,,,,,,,,,,,,,,
1789,0.493,9664,1208.75,2666.25,,,,,,,,,,,,,,,
1800,0.504,9803,1127.5,2666.25,,,,,,,,,,,,,,,
1811,0.515,9960,1168.75,2666.25,,,,,,,,,,,,,,,
1822,0.526,10087,1140,2666.25,,,,,,,,,,,,,,,
1833,0.537,10204,1131.25,2666.25,,,,,,,,,,,,,,,
1844,0.548,10344,1080,2666.25,,,,,,,,,,,,,,,
1855,0.559,10460,1086.25,2666.25,,,,,,,,,,,,,,,
1866,0.57,10482,1086.25,2666.25,,,,,,,,,,,,,,,
1878,0.582,10699,1073.75,2666.25,,,,,,,,,,,,,,,
1889,0.593,10791,1036.25,2666.25,,,,,,,,,,,,,,,
1900,0.604,10869,997.5,2666.25,,,,,,,,,,,,,,,
1911,0.615,11013,1018.75,2666.25,,,,,,,,,,,,,,,
1922,0.626,11053,1000,2666.25,,,,,,,,,,,,,,,
1933,0.637,11185,975,2666.25,,,,,,,,,,,,,,,
1944,0.648,11303,948.75,2666.25,,,,,,,,,,,,,,,
1955,0.659,11389,987.5,2666.25,,,,,,,,,,,,,,,
1966,0.67,11485,975,2666.25,,,,,,,,,,,,,,,
1977,0.681,11556,957.5,2666.25,,,,,,,,,,,,,,,
1988,0.692,11664,963.75,2666.25,,,,,,,,,,,,,,,
1999,0.703,11746,962.5,2666.25,,,,,,,,,,,,,,,
2010,0.714,11838,911.25,2666.25,,,,,,,,,,,,,,,
2021,0.725,11895,952.5,2666.25,,,,,,,,,,,,,,,
2032,0.736,11990,880,2666.25,,,,,,,,,,,,,,,
2043,0.747,12057,932.5,2666.25,,,,,,,,,,,,,,,
2054,0.758,12135,881.25,2666.25,,,,,,,,,,,,,,,
2065,0.769,12224,907.5,2666.25,,,,,,,,,,,,,,,
2076,0.78,12295,891.25,2666.25,,,,,,,,,,,,,,,
2087,0.791,12417,877.5,2666.25,,,,,,,,,,,,,,,
2098,0.802,12458,826.25,2666.25,,,,,,,,,,,,,,,
2109,0.813,12510,826.25,2666.25,,,,,,,,,,,,,,,
2120,0.824,12605,845,2666.25,,,,,,,,,,,,,,,
2131,0.835,12668,852.5,2666.25,,,,,,,,,,,,,,,
2142,0.846,12798,843.75,2666.25,,,,,,,,,,,,,,,
2153,0.857,12787,827.5,2666.25,,,,,,,,,,,,,,,
2164,0.868,12908,806.25,2666.25,,,,,,,,,,,,,,,
2176,0.88,12919,826.25,2666.25,,,,,,,,,,,,,,,
2187,0.891,12998,815,2666.25,,,,,,,,,,,,,,,
2198,0.902,13066,792.5,2666.25,,,,,,,,,,,,,,,
2209,0.913,13134,797.5,2666.25,,,,,,,,,,,,,,,
2220,0.924,13192,786.25,2666.25,,,,,,,,,,,,,,,
2231,0.935,13239,793.75,2666.25,,,,,,,,,,,,,,,
2242,0.946,13368,716.25,2666.25,,,,,,,,,,,,,,,
2253,0.957,13428,728.75,2666.25,,,,,,,,,,,,,,,
2264,0.968,13428,767.5,2666.25,,,,,,,,,,,,,,,
2275,0.979,13477,771.25,2666.25,,,,,,,,,,,,,,,
2286,0.99,13537,748.75,2666.25,,,,,,,,,,,,,,,
2297,1.001,13586,756.25,2666.25,,,,,,,,,,,,,,,
2308,1.012,13661,723.75,2666.25,,,,,,,,,,,,,,,
2319,1.023,13661,723.75,2666.25,,,,,,,,,,,,,,,
2330,1.034,13711,742.5,2666.25,,,,,,,,,,,,,,,
2341,1.045,13837,727.5,2666.25,,,,,,,,,,,,,,,
2352,1.056,13876,713.75,2666.25,,,,,,,,,,,,,,,
2363,1.067,13914,720,2666.25,,,,,,,,,,,,,,,
2374,1.078,13979,695,2666.25,,,,,,,,,,,,,,,
2385,1.089,14031,701.25,2666.25,,,,,,,,,,,,,,,
2396,1.1,14031,680,2666.25,,,,,,,,,,,,,,,
2407,1.111,14058,712.5,2666.25,,,,,,,,,,,,,,,
2418,1.122,14164,678.75,2666.25,,,,,,,,,,,,,,,
2429,1.133,14150,701.25,2666.25,,,,,,,,,,,,,,,
2440,1.144,14177,682.5,2666.25,,,,,,,,,,,,,,,
2451,1.155,14285,645,2666.25,,,,,,,,,,,,,,,
2462,1.166,14272,687.5,2666.25,,,,,,,,,,,,,,,
2473,1.177,14312,670,2666.25,,,,,,,,,,,,,,,
2484,1.188,14326,671.25,2666.25,,,,,,,,,,,,,,,
2495,1.199,14436,612.5,2666.25,,,,,,,,,,,,,,,
2506,1.21,14395,675,2666.25,,,,,,,,,,,,,,,
2518,1.222,14506,648.75,2666.25,,,,,,,,,,,,,,,
2529,1.233,14492,651.25,2666.25,,,,,,,,,,,,,,,
2540,1.244,14577,645,2666.25,,,,,,,,,,,,,,,
2551,1.255,14492,660,2666.25,,,,,,,,,,,,,,,
2562,1.266,14548,635,2666.25,,,,,,,,,,,,,,,
2573,1.277,14691,615,2666.25,,,,,,,,,,,,,,,
2584,1.288,14691,627.5,2666.25,,,,,,,,,,,,,,,
2595,1.299,14763,631.25,2666.25,,,,,,,,,,,,,,,
2606,1.31,14792,620,2666.25,,,,,,,,,,,,,,,
2617,1.321,14763,642.5,2666.25,,,,,,,,,,,,,,,
2628,1.332,14866,620,2666.25,,,,,,,,,,,,,,,
2639,1.343,14880,568.75,2666.25,,,,,,,,,,,,,,,
2650,1.354,14822,623.75,2666.25,,,,,,,,,,,,,,,
2661,1.365,14955,602.5,2666.25,,,,,,,,,,,,,,,
2672,1.376,14925,623.75,2666.25,,,,,,,,,,,,,,,
2683,1.387,14880,616.25,2666.25,,,,,,,,,,,,,,,
2694,1.398,15045,582.5,2666.25,,,,,,,,,,,,,,,
2705,1.409,14955,607.5,2666.25,,,,,,,,,,,,,,,
2716,1.42,15105,558.75,2666.25,,,,,,,,,,,,,,,
2727,1.431,15075,556.25,2666.25,,,,,,,,,,,,,,,
2738,1.442,15105,598.75,2666.25,,,,,,,,,,,,,,,
2749,1.453,15136,595,2666.25,,,,,,,,,,,,,,,
2760,1.464,15166,572.5,2666.25,,,,,,,,,,,,,,,
2771,1.475,15228,541.25,2666.25,,,,,,,,,,,,,,,
2782,1.486,15212,600,2666.25,,,,,,,,,,,,,,,
2793,1.497,15259,565,2666.25,,,,,,,,,,,,,,,
2804,1.508,15290,510,2666.25,,,,,,,,,,,,,,,
2816,1.52,15290,572.5,2666.25,,,,,,,,,,,,,,,
2827,1.531,15353,586.25,2666.25,,,,,,,,,,,,,,,
2838,1.542,15337,521.25,2666.25,,,,,,,,,,,,,,,
2849,1.553,15337,532.5,2666.25,,,,,,,,,,,,,,,
2860,1.564,15400,583.75,2666.25,,,,,,,,,,,,,,,
2871,1.575,15353,580,2666.25,,,,,,,,,,,,,,,
2882,1.586,15432,538.75,2666.25,,,,,,,,,,,,,,,
2893,1.597,15447,522.5,2666.25,,,,,,,,,,,,,,,
2904,1.608,15463,521.25,2666.25,,,,,,,,,,,,,,,
2915,1.619,15511,530,2666.25,,,,,,,,,,,,,,,
2926,1.63,15479,580,2666.25,,,,,,,,,,,,,,,
2937,1.641,15544,583.75,2666.25,,,,,,,,,,,,,,,
2948,1.652,15479,482.5,2666.25,,,,,,,,,,,,,,,
2959,1.663,15592,538.75,2666.25,,,,,,,,,,,,,,,
2970,1.674,15560,561.25,2666.25,,,,,,,,,,,,,,,
2981,1.685,15608,495,2666.25,,,,,,,,,,,,,,,
2992,1.696,15657,491.25,2666.25,,,,,,,,,,,,,,,
3003,1.707,15641,502.5,2666.25,,,,,,,,,,,,,,,
3014,1.718,15706,516.25,2666.25,,,,,,,,,,,,,,,
3025,1.729,15673,561.25,2666.25,,,,,,,,,,,,,,,
3036,1.74,15723,512.5,2666.25,,,,,,,,,,,,,,,
3047,1.751,15706,526.25,2666.25,,,,,,,,,,,,,,,
3058,1.762,15756,521.25,2666.25,,,,,,,,,,,,,,,
3069,1.773,15723,552.5,2666.25,,,,,,,,,,,,,,,
3080,1.784,15723,486.25,2666.25,,,,,,,,,,,,,,,
3091,1.795,15822,496.25,2666.25,,,,,,,,,,,,,,,
3102,1.806,15756,506.25,2666.25,,,,,,,,,,,,,,,
3113,1.817,15822,503.75,2666.25,,,,,,,,,,,,,,,
3124,1.828,15822,523.75,2666.25,,,,,,,,,,,,,,,
3135,1.839,15839,531.25,2666.25,,,,,,,,,,,,,,,
3146,1.85,15806,465,2666.25,,,,,,,,,,,,,,,
3158,1.862,15789,477.5,2666.25,,,,,,,,,,,,,,,
3169,1.873,15906,505,2666.25,,,,,,,,,,,,,,,
3180,1.884,15889,428.75,2666.25,,,,,,,,,,,,,,,
3191,1.895,15940,526.25,2666.25,,,,,,,,,,,,,,,
3202,1.906,15889,518.75,2666.25,,,,,,,,,,,,,,,
3213,1.917,15957,501.25,2666.25,,,,,,,,,,,,,,,
3224,1.928,15923,527.5,2666.25,,,,,,,,,,,,,,,
3235,1.939,15974,472.5,2666.25,,,,,,,,,,,,,,,
3246,1.95,15991,485,2666.25,,,,,,,,,,,,,,,
3257,1.961,15991,533.75,2666.25,,,,,,,,,,,,,,,
3268,1.972,15991,527.5,2666.25,,,,,,,,,,,,,,,
3279,1.983,15957,512.5,2666.25,,,,,,,,,,,,,,,
3290,1.994,15991,478.75,2666.25,,,,,,,,,,,,,,,
3301,2.005,15991,430,2666.25,,,,,,,,,,,,,,,
3312,2.016,16008,478.75,2666.25,,,,,,,,,,,,,,,
3323,2.027,16077,475,2666.25,,,,,,,,,,,,,,,
3334,2.038,16025,452.5,2666.25,,,,,,,,,,,,,,,
3345,2.049,16077,523.75,2666.25,,,,,,,,,,,,,,,
3356,2.06,16042,510,2666.25,,,,,,,,,,,,,,,
3367,2.071,16094,453.75,2666.25,,,,,,,,,,,,,,,
3378,2.082,16042,503.75,2666.25,,,,,,,,,,,,,,,
3389,2.093,16129,493.75,2666.25,,,,,,,,,,,,,,,
3400,2.104,16094,428.75,2666.25,,,,,,,,,,,,,,,
3411,2.115,16129,468.75,2666.25,,,,,,,,,,,,,,,
3422,2.126,16129,541.25,2666.25,,,,,,,,,,,,,,,
3433,2.137,16111,517.5,2666.25,,,,,,,,,,,,,,,
3444,2.148,16146,477.5,2666.25,,,,,,,,,,,,,,,
3456,2.16,16111,453.75,2666.25,,,,,,,,,,,,,,,
3467,2.171,16129,403.75,2666.25,,,,,,,,,,,,,,,
3478,2.182,16181,513.75,2666.25,,,,,,,,,,,,,,,
3489,2.193,16146,515,2666.25,,,,,,,,,,,,,,,
3500,2.204,16146,486.25,2666.25,,,,,,,,,,,,,,,
3511,2.215,16163,507.5,2666.25,,,,,,,,,,,,,,,
3522,2.226,16094,475,2666.25,,,,,,,,,,,,,,,
3533,2.237,16216,428.75,2666.25,,,,,,,,,,,,,,,
3544,2.248,16181,526.25,2666.25,,,,,,,,,,,,,,,
3555,2.259,16216,522.5,2666.25,,,,,,,,,,,,,,,
3566,2.27,16181,516.25,2666.25,,,,,,,,,,,,,,,
3577,2.281,16251,492.5,2666.25,,,,,,,,,,,,,,,
3588,2.292,16163,493.75,2666.25,,,,,,,,,,,,,,,
3599,2.303,16163,520,2666.25,,,,,,,,,,,,,,,
3610,2.314,16251,450,2666.25,,,,,,,,,,,,,,,
3621,2.325,16216,481.25,2666.25,,,,,,,,,,,,,,,
3632,2.336,16198,492.5,2666.25,,,,,,,,,,,,,,,
3643,2.347,16233,417.5,2666.25,,,,,,,,,,,,,,,
3654,2.358,16251,432.5,2666.25,,,,,,,,,,,,,,,
3665,2.369,16198,506.25,2666.25,,,,,,,,,,,,,,,
3676,2.38,16268,475,2666.25,,,,,,,,,,,,,,,
3687,2.391,16251,425,2666.25,,,,,,,,,,,,,,,
3698,2.402,16268,500,2666.25,,,,,,,,,,,,,,,
3709,2.413,16268,420,2666.25,,,,,,,,,,,,,,,
3720,2.424,16216,448.75,2666.25,,,,,,,,,,,,,,,
3731,2.435,16268,425,2666.25,,,,,,,,,,,,,,,
3742,2.446,16286,498.75,2666.25,,,,,,,,,,,,,,,
3753,2.457,16304,492.5,2666.25,,,,,,,,,,,,,,,
3764,2.468,16304,478.75,2666.25,,,,,,,,,,,,,,,
3775,2.479,16304,437.5,2666.25,,,,,,,,,,,,,,,
3786,2.49,16322,466.25,2666.25,,,,,,,,,,,,,,,
3798,2.502,16304,500,2666.25,,,,,,,,,,,,,,,
3809,2.513,16322,443.75,2666.25,,,,,,,,,,,,,,,
3820,2.524,16251,496.25,2666.25,,,,,,,,,,,,,,,
3831,2.535,16339,511.25,2666.25,,,,,,,,,,,,,,,
3842,2.546,16322,448.75,2666.25,,,,,,,,,,,,,,,
3853,2.557,16322,451.25,2666.25,,,,,,,,,,,,,,,
3864,2.568,16375,451.25,2666.25,,,,,,,,,,,,,,,
3875,2.579,16339,476.25,2666.25,,,,,,,,,,,,,,,
3886,2.59,16339,497.5,2666.25,,,,,,,,,,,,,,,
3897,2.601,16357,473.75,2666.25,,,,,,,,,,,,,,,
3908,2.612,16322,406.25,2666.25,,,,,,,,,,,,,,,
3919,2.623,16357,486.25,2666.25,,,,,,,,,,,,,,,
3930,2.634,16357,466.25,2666.25,,,,,,,,,,,,,,,
3941,2.645,16393,428.75,2666.25,,,,,,,,,,,,,,,
3952,2.656,16375,443.75,2666.25,,,,,,,,,,,,,,,
3963,2.667,16339,435,2666.25,,,,,,,,,,,,,,,
3974,2.678,16393,463.75,2666.25,,,,,,,,,,,,,,,
3985,2.689,16268,420,2666.25,,,,,,,,,,,,,,,
3996,2.7,16375,493.75,2666.25,,,,,,,,,,,,,,,
4007,2.711,16393,507.5,2666.25,,,,,,,,,,,,,,,
4018,2.722,16393,492.5,2666.25,,,,,,,,,,,,,,,
4029,2.733,16411,467.5,2666.25,,,,,,,,,,,,,,,
4040,2.744,16447,371.25,2666.25,,,,,,,,,,,,,,,
4051,2.755,16375,508.75,2666.25,,,,,,,,,,,,,,,
4062,2.766,16429,455,2666.25,,,,,,,,,,,,,,,
4073,2.777,16429,466.25,2666.25,,,,,,,,,,,,,,,
4084,2.788,16429,448.75,2666.25,,,,,,,,,,,,,,,
4096,2.8,16429,421.25,2666.25,,,,,,,,,,,,,,,
4107,2.811,16393,443.75,2666.25,,,,,,,,,,,,,,,
4118,2.822,16447,453.75,2666.25,,,,,,,,,,,,,,,
4129,2.833,16447,475,2666.25,,,,,,,,,,,,,,,
4140,2.844,16429,467.5,2666.25,,,,,,,,,,,,,,,
4151,2.855,16429,417.5,2666.25,,,,,,,,,,,,,,,
4162,2.866,16501,472.5,2666.25,,,,,,,,,,,,,,,
4173,2.877,16447,496.25,2666.25,,,,,,,,,,,,,,,
4184,2.888,16429,506.25,2666.25,,,,,,,,,,,,,,,
4195,2.899,16465,491.25,2666.25,,,,,,,,,,,,,,,
4206,2.91,16483,477.5,2666.25,,,,,,,,,,,,,,,
4217,2.921,16501,456.25,2666.25,,,,,,,,,,,,,,,
4228,2.932,16483,505,2666.25,,,,,,,,,,,,,,,
4239,2.943,16447,500,2666.25,,,,,,,,,,,,,,,
4250,2.954,16447,413.75,2666.25,,,,,,,,,,,,,,,
4261,2.965,16465,450,2666.25,,,,,,,,,,,,,,,
4272,2.976,16447,456.25,2666.25,,,,,,,,,,,,,,,
4283,2.987,16501,481.25,2666.25,,,,,,,,,,,,,,,
4294,2.998,16483,482.5,2666.25,,,,,,,,,,,,,,,
4305,3.009,16483,408.75,2666.25,,,,,,,,,,,,,,,
4316,3.02,16322,472.5,2666.25,,,,,,,,,,,,,,,
4327,3.031,16519,447.5,2666.25,,,,,,,,,,,,,,,
4338,3.042,16447,451.25,2666.25,,,,,,,,,,,,,,,
4349,3.053,16519,478.75,2666.25,,,,,,,,,,,,,,,
4360,3.064,16393,467.5,2666.25,,,,,,,,,,,,,,,
4371,3.075,16483,462.5,2666.25,,,,,,,,,,,,,,,
4382,3.086,16501,435,2666.25,,,,,,,,,,,,,,,
4393,3.097,16519,441.25,2666.25,,,,,,,,,,,,,,,
4404,3.108,16483,465,2666.25,,,,,,,,,,,,,,,
4415,3.119,16447,490,2666.25,,,,,,,,,,,,,,,
4426,3.13,16501,460,2666.25,,,,,,,,,,,,,,,
4438,3.142,16483,428.75,2666.25,,,,,,,,,,,,,,,
4449,3.153,16483,487.5,2666.25,,,,,,,,,,,,,,,
4460,3.164,16519,462.5,2666.25,,,,,,,,,,,,,,,
4471,3.175,16501,460,2666.25,,,,,,,,,,,,,,,
4482,3.186,16519,441.25,2666.25,,,,,,,,,,,,,,,
4493,3.197,16538,430,2666.25,,,,,,,,,,,,,,,
4504,3.208,16538,397.5,2666.25,,,,,,,,,,,,,,,
4515,3.219,16538,475,2666.25,,,,,,,,,,,,,,,
4526,3.23,16538,448.75,2666.25,,,,,,,,,,,,,,,
4537,3.241,16519,430,2666.25,,,,,,,,,,,,,,,
4548,3.252,16519,423.75,2666.25,,,,,,,,,,,,,,,
4559,3.263,16556,416.25,2666.25,,,,,,,,,,,,,,,
4570,3.274,16538,453.75,2666.25,,,,,,,,,,,,,,,
4581,3.285,16538,450,2666.25,,,,,,,,,,,,,,,
4592,3.296,16519,422.5,2666.25,,,,,,,,,,,,,,,
4603,3.307,16483,426.25,2666.25,,,,,,,,,,,,,,,
4614,3.318,16483,452.5,2666.25,,,,,,,,,,,,,,,
4625,3.329,16556,501.25,2666.25,,,,,,,,,,,,,,,
4636,3.34,16538,480,2666.25,,,,,,,,,,,,,,,
4647,3.351,16483,480,2666.25,,,,,,,,,,,,,,,
4658,3.362,16556,405,2666.25,,,,,,,,,,,,,,,
4669,3.373,16465,460,2666.25,,,,,,,,,,,,,,,
4680,3.384,16556,478.75,2666.25,,,,,,,,,,,,,,,
4691,3.395,16483,477.5,2666.25,,,,,,,,,,,,,,,
4702,3.406,16556,466.25,2666.25,,,,,,,,,,,,,,,
4713,3.417,16519,405,2666.25,,,,,,,,,,,,,,,
4724,3.428,16538,485,2666.25,,,,,,,,,,,,,,,
4736,3.44,16592,456.25,2666.25,,,,,,,,,,,,,,,
4747,3.451,16556,451.25,2666.25,,,,,,,,,,,,,,,
4758,3.462,16574,437.5,2666.25,,,,,,,,,,,,,,,
4769,3.473,16592,421.25,2666.25,,,,,,,,,,,,,,,
4780,3.484,16574,433.75,2666.25,,,,,,,,,,,,,,,
4791,3.495,16574,443.75,2666.25,,,,,,,,,,,,,,,
4802,3.506,16574,453.75,2666.25,,,,,,,,,,,,,,,
4813,3.517,16574,438.75,2666.25,,,,,,,,,,,,,,,
4824,3.528,16592,378.75,2666.25,,,,,,,,,,,,,,,
4835,3.539,16574,442.5,2666.25,,,,,,,,,,,,,,,
4846,3.55,16574,490,2666.25,,,,,,,,,,,,,,,
4857,3.561,16574,442.5,2666.25,,,,,,,,,,,,,,,
4868,3.572,16611,456.25,2666.25,,,,,,,,,,,,,,,
4879,3.583,16574,430,2666.25,,,,,,,,,,,,,,,
4890,3.594,16592,428.75,2666.25,,,,,,,,,,,,,,,
4901,3.605,16519,477.5,2666.25,,,,,,,,,,,,,,,
4912,3.616,16592,437.5,2666.25,,,,,,,,,,,,,,,
4923,3.627,16592,422.5,2666.25,,,,,,,,,,,,,,,
4934,3.638,16538,435,2666.25,,,,,,,,,,,,,,,
4945,3.649,16592,457.5,2666.25,,,,,,,,,,,,,,,
4956,3.66,16611,491.25,2666.25,,,,,,,,,,,,,,,
4967,3.671,16592,475,2666.25,,,,,,,,,,,,,,,
4978,3.682,16611,412.5,2666.25,,,,,,,,,,,,,,,
4989,3.693,16648,420,2666.25,,,,,,,,,,,,,,,
5000,3.704,16611,488.75,2666.25,,,,,,,,,,,,,,,
5011,3.715,16611,476.25,2666.25,,,,,,,,,,,,,,,
5022,3.726,16611,482.5,2666.25,,,,,,,,,,,,,,,
5033,3.737,16592,416.25,2666.25,,,,,,,,,,,,,,,
5044,3.748,16556,417.5,2666.25,,,,,,,,,,,,,,,
5055,3.759,16629,442.5,2666.25,,,,,,,,,,,,,,,
5066,3.77,16611,406.25,2666.25,,,,,,,,,,,,,,,
5078,3.782,16501,450,2666.25,,,,,,,,,,,,,,,
5089,3.793,16556,420,2666.25,,,,,,,,,,,,,,,
5100,3.804,16629,478.75,2666.25,,,,,,,,,,,,,,,
5111,3.815,16574,455,2666.25,,,,,,,,,,,,,,,
5122,3.826,16611,452.5,2666.25,,,,,,,,,,,,,,,
5133,3.837,16629,465,2666.25,,,,,,,,,,,,,,,
5144,3.848,16629,487.5,2666.25,,,,,,,,,,,,,,,
5155,3.859,16611,505,2666.25,,,,,,,,,,,,,,,
5166,3.87,16592,477.5,2666.25,,,,,,,,,,,,,,,
5177,3.881,16648,445,2666.25,,,,,,,,,,,,,,,
5188,3.892,16629,461.25,2666.25,,,,,,,,,,,,,,,
5199,3.903,16629,438.75,2666.25,,,,,,,,,,,,,,,
5210,3.914,16629,452.5,2666.25,,,,,,,,,,,,,,,
5221,3.925,16629,502.5,2666.25,,,,,,,,,,,,,,,
5232,3.936,16648,417.5,2666.25,,,,,,,,,,,,,,,
5243,3.947,16629,451.25,2666.25,,,,,,,,,,,,,,,
5254,3.958,16592,451.25,2666.25,,,,,,,,,,,,,,,
5265,3.969,16648,443.75,2666.25,,,,,,,,,,,,,,,
5276,3.98,16538,421.25,2666.25,,,,,,,,,,,,,,,
5287,3.991,16556,442.5,2666.25,,,,,,,,,,,,,,,
5298,4.002,16648,446.25,2666.25,,,,,,,,,,,,,,,
5309,4.013,16648,483.75,2666.25,,,,,,,,,,,,,,,
5320,4.024,16629,462.5,2666.25,,,,,,,,,,,,,,,
5331,4.035,16629,416.25,2666.25,,,,,,,,,,,,,,,
5342,4.046,16629,486.25,2666.25,,,,,,,,,,,,,,,
5353,4.057,16685,476.25,2666.25,,,,,,,,,,,,,,,
5364,4.068,16629,486.25,2666.25,,,,,,,,,,,,,,,
5376,4.08,16629,433.75,2666.25,,,,,,,,,,,,,,,
5387,4.091,16666,446.25,2666.25,,,,,,,,,,,,,,,
5398,4.102,16629,428.75,2666.25,,,,,,,,,,,,,,,
5409,4.113,16666,456.25,2666.25,,,,,,,,,,,,,,,
5420,4.124,16648,435,2666.25,,,,,,,,,,,,,,,
5431,4.135,16666,430,2666.25,,,,,,,,,,,,,,,
5442,4.146,16629,446.25,2666.25,,,,,,,,,,,,,,,
5453,4.157,16648,477.5,2666.25,,,,,,,,,,,,,,,
5464,4.168,16556,443.75,2666.25,,,,,,,,,,,,,,,
5475,4.179,16685,455,2666.25,,,,,,,,,,,,,,,
5486,4.19,16629,458.75,2666.25,,,,,,,,,,,,,,,
5497,4.201,16648,423.75,2666.25,,,,,,,,,,,,,,,
5508,4.212,16648,465,2666.25,,,,,,,,,,,,,,,
5519,4.223,16556,465,2666.25,,,,,,,,,,,,,,,
5530,4.234,16648,382.5,2666.25,,,,,,,,,,,,,,,
5541,4.245,16685,462.5,2666.25,,,,,,,,,,,,,,,
5552,4.256,16648,433.75,2666.25,,,,,,,,,,,,,,,
5563,4.267,16648,446.25,2666.25,,,,,,,,,,,,,,,
5574,4.278,16666,425,2666.25,,,,,,,,,,,,,,,
5585,4.289,16666,393.75,2666.25,,,,,,,,,,,,,,,
5596,4.3,16685,422.5,2666.25,,,,,,,,,,,,,,,
5607,4.311,16666,435,2666.25,,,,,,,,,,,,,,,
5618,4.322,16666,467.5,2666.25,,,,,,,,,,,,,,,
5629,4.333,16666,403.75,2666.25,,,,,,,,,,,,,,,
5640,4.344,16685,433.75,2666.25,,,,,,,,,,,,,,,
5651,4.355,16648,485,2666.25,,,,,,,,,,,,,,,
5662,4.366,16666,497.5,2666.25,,,,,,,,,,,,,,,
5673,4.377,16648,466.25,2666.25,,,,,,,,,,,,,,,
5684,4.388,16666,396.25,2666.25,,,,,,,,,,,,,,,
5695,4.399,16666,485,2666.25,,,,,,,,,,,,,,,
5706,4.41,16741,466.25,2666.25,,,,,,,,,,,,,,,
5718,4.422,16685,482.5,2666.25,,,,,,,,,,,,,,,
5729,4.433,16648,476.25,2666.25,,,,,,,,,,,,,,,
5740,4.444,16703,446.25,2666.25,,,,,,,,,,,,,,,
5751,4.455,16685,481.25,2666.25,,,,,,,,,,,,,,,
5762,4.466,16685,408.75,2666.25,,,,,,,,,,,,,,,
5773,4.477,16703,440,2666.25,,,,,,,,,,,,,,,
5784,4.488,16592,435,2666.25,,,,,,,,,,,,,,,
5795,4.499,16666,417.5,2666.25,,,,,,,,,,,,,,,
5806,4.51,16666,475,2666.25,,,,,,,,,,,,,,,
5817,4.521,16648,407.5,2666.25,,,,,,,,,,,,,,,
5828,4.532,16685,472.5,2666.25,,,,,,,,,,,,,,,
5839,4.543,16648,440,2666.25,,,,,,,,,,,,,,,
5850,4.554,16666,480,2666.25,,,,,,,,,,,,,,,
5861,4.565,16629,441.25,2666.25,,,,,,,,,,,,,,,
5872,4.576,16629,420,2666.25,,,,,,,,,,,,,,,
5883,4.587,16685,418.75,2666.25,,,,,,,,,,,,,,,
5894,4.598,16574,462.5,2666.25,,,,,,,,,,,,,,,
5905,4.609,16648,353.75,2666.25,,,,,,,,,,,,,,,
5916,4.62,16685,420,2666.25,,,,,,,,,,,,,,,
5927,4.631,16685,441.25,2666.25,,,,,,,,,,,,,,,
5938,4.642,16666,417.5,2666.25,,,,,,,,,,,,,,,
5949,4.653,16666,451.25,2666.25,,,,,,,,,,,,,,,
5960,4.664,16666,423.75,2666.25,,,,,,,,,,,,,,,
5971,4.675,16648,450,2666.25,,,,,,,,,,,,,,,
5982,4.686,16666,460,2666.25,,,,,,,,,,,,,,,
5993,4.697,16648,463.75,2666.25,,,,,,,,,,,,,,,
6004,4.708,16666,470,2666.25,,,,,,,,,,,,,,,
6016,4.72,16666,435,2666.25,,,,,,,,,,,,,,,
6027,4.731,16648,457.5,2666.25,,,,,,,,,,,,,,,
6038,4.742,16648,423.75,2666.25,,,,,,,,,,,,,,,
6049,4.753,16648,456.25,2666.25,,,,,,,,,,,,,,,
6060,4.764,16666,465,2666.25,,,,,,,,,,,,,,,
6071,4.775,16666,406.25,2666.25,,,,,,,,,,,,,,,
6082,4.786,16685,462.5,2666.25,,,,,,,,,,,,,,,
6093,4.797,16666,483.75,2666.25,,,,,,,,,,,,,,,
6104,4.808,16592,453.75,2666.25,,,,,,,,,,,,,,,
6115,4.819,16685,418.75,2666.25,,,,,,,,,,,,,,,
6126,4.83,16629,475,2666.25,,,,,,,,,,,,,,,
6137,4.841,16666,461.25,2666.25,,,,,,,,,,,,,,,
6148,4.852,16592,491.25,2666.25,,,,,,,,,,,,,,,
6159,4.863,16648,423.75,2666.25,,,,,,,,,,,,,,,
6170,4.874,16592,405,2666.25,,,,,,,,,,,,,,,
6181,4.885,16648,471.25,2666.25,,,,,,,,,,,,,,,
6192,4.896,16648,492.5,2666.25,,,,,,,,,,,,,,,
6203,4.907,16666,490,2666.25,,,,,,,,,,,,,,,
6214,4.918,16666,460,2666.25,,,,,,,,,,,,,,,
6225,4.929,16648,435,2666.25,,,,,,,,,,,,,,,
6236,4.94,16666,485,2666.25,,,,,,,,,,,,,,,
6247,4.951,16666,473.75,2666.25,,,,,,,,,,,,,,,
6258,4.962,16666,440,2666.25,,,,,,,,,,,,,,,
6269,4.973,16629,441.25,2666.25,,,,,,,,,,,,,,,
6280,4.984,16574,466.25,2666.25,,,,,,,,,,,,,,,
6291,4.995,16666,472.5,2666.25,,,,,,,,,,,,,,,
6302,5.006,16648,392.5,2666.25,,,,,,,,,,,,,,,
6313,5.017,16666,428.75,2666.25,,,,,,,,,,,,,,,
6324,5.028,16648,452.5,2666.25,,,,,,,,,,,,,,,
6335,5.039,16666,477.5,2666.25,,,,,,,,,,,,,,,
6346,5.05,16648,422.5,2666.25,,,,,,,,,,,,,,,
6358,5.062,16703,396.25,2666.25,,,,,,,,,,,,,,,
6369,5.073,16592,416.25,2666.25,,,,,,,,,,,,,,,
6380,5.084,16666,392.5,2666.25,,,,,,,,,,,,,,,
6391,5.095,16666,465,2666.25,,,,,,,,,,,,,,,
6402,5.106,16648,436.25,2666.25,,,,,,,,,,,,,,,
6413,5.117,16666,417.5,2666.25,,,,,,,,,,,,,,,
6424,5.128,16629,431.25,2666.25,,,,,,,,,,,,,,,
6435,5.139,16648,465,2666.25,,,,,,,,,,,,,,,
6446,5.15,16648,448.75,2666.25,,,,,,,,,,,,,,,
6457,5.161,16666,431.25,2666.25,,,,,,,,,,,,,,,
6468,5.172,16648,397.5,2666.25,,,,,,,,,,,,,,,
6479,5.183,16666,492.5,2666.25,,,,,,,,,,,,,,,
6490,5.194,16648,438.75,2666.25,,,,,,,,,,,,,,,
6501,5.205,16666,442.5,2666.25,,,,,,,,,,,,,,,
6512,5.216,16574,435,2666.25,,,,,,,,,,,,,,,
6523,5.227,16648,470,2666.25,,,,,,,,,,,,,,,
6534,5.238,16648,440,2666.25,,,,,,,,,,,,,,,
6545,5.249,16592,473.75,2666.25,,,,,,,,,,,,,,,
6556,5.26,16666,453.75,2666.25,,,,,,,,,,,,,,,
6567,5.271,16611,435,2666.25,,,,,,,,,,,,,,,
6578,5.282,16629,467.5,2666.25,,,,,,,,,,,,,,,
6589,5.293,16648,427.5,2666.25,,,,,,,,,,,,,,,
6600,5.304,16648,440,2666.25,,,,,,,,,,,,,,,
6611,5.315,16648,408.75,2666.25,,,,,,,,,,,,,,,
6622,5.326,16648,478.75,2666.25,,,,,,,,,,,,,,,
6633,5.337,16648,500,2666.25,,,,,,,,,,,,,,,
6644,5.348,16648,423.75,2666.25,,,,,,,,,,,,,,,
6656,5.36,16648,423.75,2666.25,,,,,,,,,,,,,,,
6667,5.371,16629,440,2666.25,,,,,,,,,,,,,,,
6678,5.382,16574,421.25,2666.25,,,,,,,,,,,,,,,
6689,5.393,16556,468.75,2666.25,,,,,,,,,,,,,,,
6700,5.404,16629,422.5,2666.25,,,,,,,,,,,,,,,
6711,5.415,16538,461.25,2666.25,,,,,,,,,,,,,,,
6722,5.426,16648,432.5,2666.25,,,,,,,,,,,,,,,
6733,5.437,16629,390,2666.25,,,,,,,,,,,,,,,
6744,5.448,16611,452.5,2666.25,,,,,,,,,,,,,,,
6755,5.459,16611,380,2666.25,,,,,,,,,,,,,,,
6766,5.47,16592,395,2666.25,,,,,,,,,,,,,,,
6777,5.481,16629,422.5,2666.25,,,,,,,,,,,,,,,
6788,5.492,16629,372.5,2666.25,,,,,,,,,,,,,,,
6799,5.503,16611,422.5,2666.25,,,,,,,,,,,,,,,
6810,5.514,16611,392.5,2666.25,,,,,,,,,,,,,,,
6821,5.525,16592,371.25,2666.25,,,,,,,,,,,,,,,
6832,5.536,16483,472.5,2666.25,,,,,,,,,,,,,,,
6843,5.547,16629,430,2666.25,,,,,,,,,,,,,,,
6854,5.558,16592,462.5,2666.25,,,,,,,,,,,,,,,
6865,5.569,16648,485,2666.25,,,,,,,,,,,,,,,
6876,5.58,16574,405,2666.25,,,,,,,,,,,,,,,
6887,5.591,16611,452.5,2666.25,,,,,,,,,,,,,,,
6898,5.602,16611,405,2666.25,,,,,,,,,,,,,,,
6909,5.613,16666,443.75,2666.25,,,,,,,,,,,,,,,
6920,5.624,16556,491.25,2666.25,,,,,,,,,,,,,,,
6931,5.635,16611,492.5,2666.25,,,,,,,,,,,,,,,
6942,5.646,16629,460,2666.25,,,,,,,,,,,,,,,
6953,5.657,16574,406.25,2666.25,,,,,,,,,,,,,,,
6964,5.668,16611,451.25,2666.25,,,,,,,,,,,,,,,
6975,5.679,16611,462.5,2666.25,,,,,,,,,,,,,,,
6986,5.69,16574,430,2666.25,,,,,,,,,,,,,,,
6998,5.702,16592,483.75,2666.25,,,,,,,,,,,,,,,
7009,5.713,16611,450,2666.25,,,,,,,,,,,,,,,
7020,5.724,16574,396.25,2666.25,,,,,,,,,,,,,,,
7031,5.735,16592,473.75,2666.25,,,,,,,,,,,,,,,
7042,5.746,16574,456.25,2666.25,,,,,,,,,,,,,,,
7053,5.757,16611,396.25,2666.25,,,,,,,,,,,,,,,
7064,5.768,16519,437.5,2666.25,,,,,,,,,,,,,,,
7075,5.779,16556,450,2666.25,,,,,,,,,,,,,,,
7086,5.79,16629,458.75,2666.25,,,,,,,,,,,,,,,
7097,5.801,16519,421.25,2666.25,,,,,,,,,,,,,,,
7108,5.812,16538,395,2666.25,,,,,,,,,,,,,,,
7119,5.823,16611,392.5,2666.25,,,,,,,,,,,,,,,
7130,5.834,16556,422.5,2666.25,,,,,,,,,,,,,,,
7141,5.845,16592,456.25,2666.25,,,,,,,,,,,,,,,
7152,5.856,16611,418.75,2666.25,,,,,,,,,,,,,,,
7163,5.867,16592,372.5,2666.25,,,,,,,,,,,,,,,
7174,5.878,16592,412.5,2666.25,,,,,,,,,,,,,,,
7185,5.889,16592,397.5,2666.25,,,,,,,,,,,,,,,
7196,5.9,16556,430,2666.25,,,,,,,,,,,,,,,
7207,5.911,16592,403.75,2666.25,,,,,,,,,,,,,,,
7218,5.922,16574,367.5,2666.25,,,,,,,,,,,,,,,
7229,5.933,16592,421.25,2666.25,,,,,,,,,,,,,,,
7240,5.944,16592,452.5,2666.25,,,,,,,,,,,,,,,
7251,5.955,16556,452.5,2666.25,,,,,,,,,,,,,,,
7262,5.966,16629,403.75,2666.25,,,,,,,,,,,,,,,
7273,5.977,16611,467.5,2666.25,,,,,,,,,,,,,,,
7284,5.988,16611,466.25,2666.25,,,,,,,,,,,,,,,
7296,6,16465,466.25,2666.25,,,,,,,,,,,,,,,
7307,6.011,16574,431.25,2666.25,,,,,,,,,,,,,,,
7318,6.022,16592,390,2666.25,,,,,,,,,,,,,,,
7329,6.033,16501,471.25,2666.25,,,,,,,,,,,,,,,
7340,6.044,16501,476.25,2666.25,,,,,,,,,,,,,,,
7351,6.055,16519,486.25,2666.25,,,,,,,,,,,,,,,
7362,6.066,16556,388.75,2666.25,,,,,,,,,,,,,,,
7373,6.077,16592,378.75,2666.25,,,,,,,,,,,,,,,
7384,6.088,16501,410,2666.25,,,,,,,,,,,,,,,
7395,6.099,16574,416.25,2666.25,,,,,,,,,,,,,,,
7406,6.11,16556,458.75,2666.25,,,,,,,,,,,,,,,
7417,6.121,16592,411.25,2666.25,,,,,,,,,,,,,,,
7428,6.132,16538,358.75,2666.25,,,,,,,,,,,,,,,
7439,6.143,16574,421.25,2666.25,,,,,,,,,,,,,,,
7450,6.154,16556,417.5,2666.25,,,,,,,,,,,,,,,
7461,6.165,16592,407.5,2666.25,,,,,,,,,,,,,,,
7472,6.176,16556,401.25,2666.25,,,,,,,,,,,,,,,
7483,6.187,16574,395,2666.25,,,,,,,,,,,,,,,
7494,6.198,16538,435,2666.25,,,,,,,,,,,,,,,
7505,6.209,16574,487.5,2666.25,,,,,,,,,,,,,,,
7516,6.22,16556,406.25,2666.25,,,,,,,,,,,,,,,
7527,6.231,16519,382.5,2666.25,,,,,,,,,,,,,,,
7538,6.242,16592,481.25,2666.25,,,,,,,,,,,,,,,
7549,6.253,16574,472.5,2666.25,,,,,,,,,,,,,,,
7560,6.264,16556,465,2666.25,,,,,,,,,,,,,,,
7571,6.275,16538,466.25,2666.25,,,,,,,,,,,,,,,
7582,6.286,16592,386.25,2666.25,,,,,,,,,,,,,,,
7593,6.297,16574,476.25,2666.25,,,,,,,,,,,,,,,
7604,6.308,16556,462.5,2666.25,,,,,,,,,,,,,,,
7615,6.319,16556,422.5,2666.25,,,,,,,,,,,,,,,
7626,6.33,16538,373.75,2666.25,,,,,,,,,,,,,,,
7638,6.342,16574,488.75,2666.25,,,,,,,,,,,,,,,
7649,6.353,16538,428.75,2666.25,,,,,,,,,,,,,,,
7660,6.364,16556,382.5,2666.25,,,,,,,,,,,,,,,
7671,6.375,16538,416.25,2666.25,,,,,,,,,,,,,,,
7682,6.386,16556,388.75,2666.25,,,,,,,,,,,,,,,
7693,6.397,16556,391.25,2666.25,,,,,,,,,,,,,,,
7704,6.408,16519,423.75,2666.25,,,,,,,,,,,,,,,
7715,6.419,16556,437.5,2666.25,,,,,,,,,,,,,,,
7726,6.43,16538,395,2666.25,,,,,,,,,,,,,,,
7737,6.441,16556,380,2666.25,,,,,,,,,,,,,,,
7748,6.452,16538,445,2666.25,,,,,,,,,,,,,,,
7759,6.463,16538,448.75,2666.25,,,,,,,,,,,,,,,
7770,6.474,16538,420,2666.25,,,,,,,,,,,,,,,
7781,6.485,16519,398.75,2666.25,,,,,,,,,,,,,,,
7792,6.496,16538,402.5,2666.25,,,,,,,,,,,,,,,
7803,6.507,16556,442.5,2666.25,,,,,,,,,,,,,,,
7814,6.518,16501,451.25,2666.25,,,,,,,,,,,,,,,
7825,6.529,16465,433.75,2666.25,,,,,,,,,,,,,,,
7836,6.54,16501,382.5,2666.25,,,,,,,,,,,,,,,
7847,6.551,16519,383.75,2666.25,,,,,,,,,,,,,,,
7858,6.562,16483,443.75,2666.25,,,,,,,,,,,,,,,
7869,6.573,16501,446.25,2666.25,,,,,,,,,,,,,,,
7880,6.584,16447,410,2666.25,,,,,,,,,,,,,,,
7891,6.595,16483,390,2666.25,,,,,,,,,,,,,,,
7902,6.606,16465,447.5,2666.25,,,,,,,,,,,,,,,
7913,6.617,16465,376.25,2666.25,,,,,,,,,,,,,,,
7924,6.628,16483,416.25,2666.25,,,,,,,,,,,,,,,
7936,6.64,16465,398.75,2666.25,,,,,,,,,,,,,,,
7947,6.651,16501,360,2666.25,,,,,,,,,,,,,,,
7958,6.662,16483,353.75,2666.25,,,,,,,,,,,,,,,
7969,6.673,16429,0,2666.25,,,,,,,,,,,,,,,
7980,6.684,16375,0,2666.25,,,,,,,,,,,,,,,
7991,6.695,16322,0,2666.25,,,,,,,,,,,,,,,
8002,6.706,16268,0,2666.25,,,,,,,,,,,,,,,
8013,6.717,16181,0,2666.25,,,,,,,,,,,,,,,
8024,6.728,16129,0,2666.25,,,,,,,,,,,,,,,
8035,6.739,16059,0,2666.25,,,,,,,,,,,,,,,
8046,6.75,16008,0,2666.25,,,,,,,,,,,,,,,
8057,6.761,15923,0,2666.25,,,,,,,,,,,,,,,
8068,6.772,15906,0,2666.25,,,,,,,,,,,,,,,
8079,6.783,15772,0,2666.25,,,,,,,,,,,,,,,
8090,6.794,15772,0,2666.25,,,,,,,,,,,,,,,
8101,6.805,15673,0,2666.25,,,,,,,,,,,,,,,
8112,6.816,15657,0,2666.25,,,,,,,,,,,,,,,
8123,6.827,15576,0,2666.25,,,,,,,,,,,,,,,
8134,6.838,15495,0,2666.25,,,,,,,,,,,,,,,
8145,6.849,15463,0,2666.25,,,,,,,,,,,,,,,
8156,6.86,15416,0,2666.25,,,,,,,,,,,,,,,
8167,6.871,15321,0,2666.25,,,,,,,,,,,,,,,
8178,6.882,15274,0,2666.25,,,,,,,,,,,,,,,
8189,6.893,15228,0,2666.25,,,,,,,,,,,,,,,
8200,6.904,15182,0,2666.25,,,,,,,,,,,,,,,
8211,6.915,15075,0,2666.25,,,,,,,,,,,,,,,
8222,6.926,14985,0,2666.25,,,,,,,,,,,,,,,
8233,6.937,14955,0,2666.25,,,,,,,,,,,,,,,
8244,6.948,14940,0,2666.25,,,,,,,,,,,,,,,
8255,6.959,14880,0,2666.25,,,,,,,,,,,,,,,
8266,6.97,14749,0,2666.25,,,,,,,,,,,,,,,
8278,6.982,14763,0,2666.25,,,,,,,,,,,,,,,
8289,6.993,14662,0,2666.25,,,,,,,,,,,,,,,
8300,7.004,14591,0,2666.25,,,,,,,,,,,,,,,
8311,7.015,14605,0,2666.25,,,,,,,,,,,,,,,
8322,7.026,14478,0,2666.25,,,,,,,,,,,,,,,
8333,7.037,14354,0,2666.25,,,,,,,,,,,,,,,
8344,7.048,14409,0,2666.25,,,,,,,,,,,,,,,
8355,7.059,14312,0,2666.25,,,,,,,,,,,,,,,
8366,7.07,14272,0,2666.25,,,,,,,,,,,,,,,
8377,7.081,14272,0,2666.25,,,,,,,,,,,,,,,
8388,7.092,14137,0,2666.25,,,,,,,,,,,,,,,
8399,7.103,14097,0,2666.25,,,,,,,,,,,,,,,
8410,7.114,14071,0,2666.25,,,,,,,,,,,,,,,
8421,7.125,14031,0,2666.25,,,,,,,,,,,,,,,
8432,7.136,13901,0,2666.25,,,,,,,,,,,,,,,
8443,7.147,13876,0,2666.25,,,,,,,,,,,,,,,
8454,7.158,13837,0,2666.25,,,,,,,,,,,,,,,
8465,7.169,13812,0,2666.25,,,,,,,,,,,,,,,
8476,7.18,13698,0,2666.25,,,,,,,,,,,,,,,
8487,7.191,13686,0,2666.25,,,,,,,,,,,,,,,
8498,7.202,13636,0,2666.25,,,,,,,,,,,,,,,
8509,7.213,13501,0,2666.25,,,,,,,,,,,,,,,
8520,7.224,13464,0,2666.25,,,,,,,,,,,,,,,
8531,7.235,13440,0,2666.25,,,,,,,,,,,,,,,
8542,7.246,13333,0,2666.25,,,,,,,,,,,,,,,
8553,7.257,13321,0,2666.25,,,,,,,,,,,,,,,
8564,7.268,13274,0,2666.25,,,,,,,,,,,,,,,
8576,7.28,13192,0,2666.25,,,,,,,,,,,,,,,
8587,7.291,13146,0,2666.25,,,,,,,,,,,,,,,
8598,7.302,13100,0,2666.25,,,,,,,,,,,,,,,
8609,7.313,13077,0,2666.25,,,,,,,,,,,,,,,
8620,7.324,13020,0,2666.25,,,,,,,,,,,,,,,
8631,7.335,12964,0,2666.25,,,,,,,,,,,,,,,
8642,7.346,12886,0,2666.25,,,,,,,,,,,,,,,
8653,7.357,12831,0,2666.25,,,,,,,,,,,,,,,
8664,7.368,12776,0,2666.25,,,,,,,,,,,,,,,
8675,7.379,12722,0,2666.25,,,,,,,,,,,,,,,
8686,7.39,12711,0,2666.25,,,,,,,,,,,,,,,
8697,7.401,12647,0,2666.25,,,,,,,,,,,,,,,
8708,7.412,12562,0,2666.25,,,,,,,,,,,,,,,
8719,7.423,12479,0,2666.25,,,,,,,,,,,,,,,
8730,7.434,12468,0,2666.25,,,,,,,,,,,,,,,
8741,7.445,12448,0,2666.25,,,,,,,,,,,,,,,
8752,7.456,12396,0,2666.25,,,,,,,,,,,,,,,
8763,7.467,12345,0,2666.25,,,,,,,,,,,,,,,
8774,7.478,12254,0,2666.25,,,,,,,,,,,,,,,
8785,7.489,12195,0,2666.25,,,,,,,,,,,,,,,
8796,7.5,12155,0,2666.25,,,,,,,,,,,,,,,
8807,7.511,12096,0,2666.25,,,,,,,,,,,,,,,
8818,7.522,12067,0,2666.25,,,,,,,,,,,,,,,
8829,7.533,12048,0,2666.25,,,,,,,,,,,,,,,
8840,7.544,11980,0,2666.25,,,,,,,,,,,,,,,
8851,7.555,11942,0,2666.25,,,,,,,,,,,,,,,
8862,7.566,11867,0,2666.25,,,,,,,,,,,,,,,
8873,7.577,11838,0,2666.25,,,,,,,,,,,,,,,
8884,7.588,11811,0,2666.25,,,,,,,,,,,,,,,
8895,7.599,11691,0,2666.25,,,,,,,,,,,,,,,
8906,7.61,11636,0,2666.25,,,,,,,,,,,,,,,
8918,7.622,11583,0,2666.25,,,,,,,,,,,,,,,
8929,7.633,11520,0,2666.25,,,,,,,,,,,,,,,
8940,7.644,11494,0,2666.25,,,,,,,,,,,,,,,
8951,7.655,11485,0,2666.25,,,,,,,,,,,,,,,
8962,7.666,11406,0,2666.25,,,,,,,,,,,,,,,
8973,7.677,11312,0,2666.25,,,,,,,,,,,,,,,
8984,7.688,11337,0,2666.25,,,,,,,,,,,,,,,
8995,7.699,11252,0,2666.25,,,,,,,,,,,,,,,
9006,7.71,11227,0,2666.25,,,,,,,,,,,,,,,
9017,7.721,11169,0,2666.25,,,,,,,,,,,,,,,
9028,7.732,11135,0,2666.25,,,,,,,,,,,,,,,
9039,7.743,11111,0,2666.25,,,,,,,,,,,,,,,
9050,7.754,11005,0,2666.25,,,,,,,,,,,,,,,
9061,7.765,10980,0,2666.25,,,,,,,,,,,,,,,
9072,7.776,10948,0,2666.25,,,,,,,,,,,,,,,
9083,7.787,10909,0,2666.25,,,,,,,,,,,,,,,
9094,7.798,10806,0,2666.25,,,,,,,,,,,,,,,
9105,7.809,10799,0,2666.25,,,,,,,,,,,,,,,
9116,7.82,10744,0,2666.25,,,,,,,,,,,,,,,
9127,7.831,10676,0,2666.25,,,,,,,,,,,,,,,
9138,7.842,10608,0,2666.25,,,,,,,,,,,,,,,
9149,7.853,10570,0,2666.25,,,,,,,,,,,,,,,
9160,7.864,10548,0,2666.25,,,,,,,,,,,,,,,
9171,7.875,10504,0,2666.25,,,,,,,,,,,,,,,
9182,7.886,10445,0,2666.25,,,,,,,,,,,,,,,
9193,7.897,10423,0,2666.25,,,,,,,,,,,,,,,
9204,7.908,10380,0,2666.25,,,,,,,,,,,,,,,
9216,7.92,10309,0,2666.25,,,,,,,,,,,,,,,
9227,7.931,10273,0,2666.25,,,,,,,,,,,,,,,
9238,7.942,10231,0,2666.25,,,,,,,,,,,,,,,
9249,7.953,10190,0,2666.25,,,,,,,,,,,,,,,
9260,7.964,10087,0,2666.25,,,,,,,,,,,,,,,
9271,7.975,10046,0,2666.25,,,,,,,,,,,,,,,
9282,7.986,10053,0,2666.25,,,,,,,,,,,,,,,
9293,7.997,10006,0,2666.25,,,,,,,,,,,,,,,
9304,8.008,9953,0,2666.25,,,,,,,,,,,,,,,
9315,8.019,9900,0,2666.25,,,,,,,,,,,,,,,
9326,8.03,9848,0,2666.25,,,,,,,,,,,,,,,
9337,8.041,9810,0,2666.25,,,,,,,,,,,,,,,
9348,8.052,9765,0,2666.25,,,,,,,,,,,,,,,
9359,8.063,9721,0,2666.25,,,,,,,,,,,,,,,
9370,8.074,9677,0,2666.25,,,,,,,,,,,,,,,
9381,8.085,9584,0,2666.25,,,,,,,,,,,,,,,
9392,8.096,9609,0,2666.25,,,,,,,,,,,,,,,
9403,8.107,9554,0,2666.25,,,,,,,,,,,,,,,
9414,8.118,9499,0,2666.25,,,,,,,,,,,,,,,
9425,8.129,9475,0,2666.25,,,,,,,,,,,,,,,
9436,8.14,9428,0,2666.25,,,,,,,,,,,,,,,
9447,8.151,9375,0,2666.25,,,,,,,,,,,,,,,
9458,8.162,9328,0,2666.25,,,,,,,,,,,,,,,
9469,8.173,9310,0,2666.25,,,,,,,,,,,,,,,
9480,8.184,9253,0,2666.25,,,,,,,,,,,,,,,
9491,8.195,9202,0,2666.25,,,,,,,,,,,,,,,
9502,8.206,9151,0,2666.25,,,,,,,,,,,,,,,
9513,8.217,9124,0,2666.25,,,,,,,,,,,,,,,
9524,8.228,9074,0,2666.25,,,,,,,,,,,,,,,
9535,8.239,8998,0,2666.25,,,,,,,,,,,,,,,
9546,8.25,9003,0,2666.25,,,,,,,,,,,,,,,
9558,8.262,8949,0,2666.25,,,,,,,,,,,,,,,
9569,8.273,8886,0,2666.25,,,,,,,,,,,,,,,
9580,8.284,8870,0,2666.25,,,,,,,,,,,,,,,
9591,8.295,8818,0,2666.25,,,,,,,,,,,,,,,
9602,8.306,8802,0,2666.25,,,,,,,,,,,,,,,
9613,8.317,8736,0,2666.25,,,,,,,,,,,,,,,
9624,8.328,8690,0,2666.25,,,,,,,,,,,,,,,
9635,8.339,8660,0,2666.25,,,,,,,,,,,,,,,
9646,8.35,8595,0,2666.25,,,,,,,,,,,,,,,
9657,8.361,8591,0,2666.25,,,,,,,,,,,,,,,
9668,8.372,8532,0,2666.25,,,,,,,,,,,,,,,
9679,8.383,8474,0,2666.25,,,,,,,,,,,,,,,
9690,8.394,8455,0,2666.25,,,,,,,,,,,,,,,
9701,8.405,8403,0,2666.25,,,,,,,,,,,,,,,
9712,8.416,8379,0,2666.25,,,,,,,,,,,,,,,
9723,8.427,8310,0,2666.25,,,,,,,,,,,,,,,
9734,8.438,8296,0,2666.25,,,,,,,,,,,,,,,
9745,8.449,8246,0,2666.25,,,,,,,,,,,,,,,
9756,8.46,8219,0,2666.25,,,,,,,,,,,,,,,
9767,8.471,8165,0,2666.25,,,,,,,,,,,,,,,
9778,8.482,8138,0,2666.25,,,,,,,,,,,,,,,
9789,8.493,8081,0,2666.25,,,,,,,,,,,,,,,
9800,8.504,8060,0,2666.25,,,,,,,,,,,,,,,
9811,8.515,7982,0,2666.25,,,,,,,,,,,,,,,
9822,8.526,7978,0,2666.25,,,,,,,,,,,,,,,
9833,8.537,7898,0,2666.25,,,,,,,,,,,,,,,
9844,8.548,7894,0,2666.25,,,,,,,,,,,,,,,
9856,8.56,7869,0,2666.25,,,,,,,,,,,,,,,
9867,8.571,7816,0,2666.25,,,,,,,,,,,,,,,
9878,8.582,7800,0,2666.25,,,,,,,,,,,,,,,
9889,8.593,7731,0,2666.25,,,,,,,,,,,,,,,
9900,8.604,7716,0,2666.25,,,,,,,,,,,,,,,
9911,8.615,7641,0,2666.25,,,,,,,,,,,,,,,
9922,8.626,7625,0,2666.25,,,,,,,,,,,,,,,
9933,8.637,7594,0,2666.25,,,,,,,,,,,,,,,
9944,8.648,7541,0,2666.25,,,,,,,,,,,,,,,
9955,8.659,7511,0,2666.25,,,,,,,,,,,,,,,
9966,8.67,7447,0,2666.25,,,,,,,,,,,,,,,
9977,8.681,7436,0,2666.25,,,,,,,,,,,,,,,
9988,8.692,7418,0,2666.25,,,,,,,,,,,,,,,
9999,8.703,7349,0,2666.25,,,,,,,,,,,,,,,
10010,8.714,7313,0,2666.25,,,,,,,,,,,,,,,
10021,8.725,7299,0,2666.25,,,,,,,,,,,,,,,
10032,8.736,7218,0,2666.25,,,,,,,,,,,,,,,
10043,8.747,7204,0,2666.25,,,,,,,,,,,,,,,
10054,8.758,7201,0,2666.25,,,,,,,,,,,,,,,
10065,8.769,7098,0,2666.25,,,,,,,,,,,,,,,
10076,8.78,7088,0,2666.25,,,,,,,,,,,,,,,
10087,8.791,7062,0,2666.25,,,,,,,,,,,,,,,
10098,8.802,7042,0,2666.25,,,,,,,,,,,,,,,
10109,8.813,6979,0,2666.25,,,,,,,,,,,,,,,
10120,8.824,6941,0,2666.25,,,,,,,,,,,,,,,
10131,8.835,6928,0,2666.25,,,,,,,,,,,,,,,
10142,8.846,6852,0,2666.25,,,,,,,,,,,,,,,
10153,8.857,6830,0,2666.25,,,,,,,,,,,,,,,
10164,8.868,6799,0,2666.25,,,,,,,,,,,,,,,
10175,8.879,6772,0,2666.25,,,,,,,,,,,,,,,
10186,8.89,6738,0,2666.25,,,,,,,,,,,,,,,
10198,8.902,6681,0,2666.25,,,,,,,,,,,,,,,
10209,8.913,6651,0,2666.25,,,,,,,,,,,,,,,
10220,8.924,6628,0,2666.25,,,,,,,,,,,,,,,
10231,8.935,6576,0,2666.25,,,,,,,,,,,,,,,
10242,8.946,6533,0,2666.25,,,,,,,,,,,,,,,
10253,8.957,6501,0,2666.25,,,,,,,,,,,,,,,
10264,8.968,6476,0,2666.25,,,,,,,,,,,,,,,
10275,8.979,6465,0,2666.25,,,,,,,,,,,,,,,
10286,8.99,6399,0,2666.25,,,,,,,,,,,,,,,
10297,9.001,6372,0,2666.25,,,,,,,,,,,,,,,
10308,9.012,6321,0,2666.25,,,,,,,,,,,,,,,
10319,9.023,6291,0,2666.25,,,,,,,,,,,,,,,
10330,9.034,6260,0,2666.25,,,,,,,,,,,,,,,
10341,9.045,6229,0,2666.25,,,,,,,,,,,,,,,
10352,9.056,6213,0,2666.25,,,,,,,,,,,,,,,
10363,9.067,6155,0,2666.25,,,,,,,,,,,,,,,
10374,9.078,6157,0,2666.25,,,,,,,,,,,,,,,
10385,9.089,6075,0,2666.25,,,,,,,,,,,,,,,
10396,9.1,6043,0,2666.25,,,,,,,,,,,,,,,
10407,9.111,6012,0,2666.25,,,,,,,,,,,,,,,
10418,9.122,5980,0,2666.25,,,,,,,,,,,,,,,
10429,9.133,5947,0,2666.25,,,,,,,,,,,,,,,
10440,9.144,5919,0,2666.25,,,,,,,,,,,,,,,
10451,9.155,5884,0,2666.25,,,,,,,,,,,,,,,
10462,9.166,5877,0,2666.25,,,,,,,,,,,,,,,
10473,9.177,5809,0,2666.25,,,,,,,,,,,,,,,
10484,9.188,5793,0,2666.25,,,,,,,,,,,,,,,
10496,9.2,5753,0,2666.25,,,,,,,,,,,,,,,
10507,9.211,5692,0,2666.25,,,,,,,,,,,,,,,
10518,9.222,5660,0,2666.25,,,,,,,,,,,,,,,
10529,9.233,5628,0,2666.25,,,,,,,,,,,,,,,
10540,9.244,5594,0,2666.25,,,,,,,,,,,,,,,
10551,9.255,5563,0,2666.25,,,,,,,,,,,,,,,
10562,9.266,5526,0,2666.25,,,,,,,,,,,,,,,
10573,9.277,5492,0,2666.25,,,,,,,,,,,,,,,
10584,9.288,5468,0,2666.25,,,,,,,,,,,,,,,
10595,9.299,5428,0,2666.25,,,,,,,,,,,,,,,
10606,9.31,5395,0,2666.25,,,,,,,,,,,,,,,
10617,9.321,5362,0,2666.25,,,,,,,,,,,,,,,
10628,9.332,5328,0,2666.25,,,,,,,,,,,,,,,
10639,9.343,5296,0,2666.25,,,,,,,,,,,,,,,
10650,9.354,5261,0,2666.25,,,,,,,,,,,,,,,
10661,9.365,5226,0,2666.25,,,,,,,,,,,,,,,
10673,9.377,5192,0,2666.25,,,,,,,,,,,,,,,
10684,9.388,5159,0,2666.25,,,,,,,,,,,,,,,
10696,9.4,5159,0,2666.25,,,,,,,,,,,,,,,
10708,9.412,5089,0,2666.25,,,,,,,,,,,,,,,
10720,9.424,5059,0,2666.25,,,,,,,,,,,,,,,
10732,9.436,5015,0,2666.25,,,,,,,,,,,,,,,
10744,9.448,4985,0,2666.25,,,,,,,,,,,,,,,
10757,9.461,4948,0,2666.25,,,,,,,,,,,,,,,
10769,9.473,4913,0,2666.25,,,,,,,,,,,,,,,
10780,9.484,4878,0,2666.25,,,,,,,,,,,,,,,
10792,9.496,4843,0,2666.25,,,,,,,,,,,,,,,
10803,9.507,4843,0,2666.25,,,,,,,,,,,,,,,
10814,9.518,4806,0,2666.25,,,,,,,,,,,,,,,
10825,9.529,4784,0,2666.25,,,,,,,,,,,,,,,
10836,9.54,4719,0,2666.25,,,,,,,,,,,,,,,
10847,9.551,4694,0,2666.25,,,,,,,,,,,,,,,
10858,9.562,4662,0,2666.25,,,,,,,,,,,,,,,
10869,9.573,4623,0,2666.25,,,,,,,,,,,,,,,
10880,9.584,4623,0,2666.25,,,,,,,,,,,,,,,
10891,9.595,4587,0,2666.25,,,,,,,,,,,,,,,
10902,9.606,4564,0,2666.25,,,,,,,,,,,,,,,
10913,9.617,4497,0,2666.25,,,,,,,,,,,,,,,
10924,9.628,4474,0,2666.25,,,,,,,,,,,,,,,
10936,9.64,4436,0,2666.25,,,,,,,,,,,,,,,
10949,9.653,4400,0,2666.25,,,,,,,,,,,,,,,
10962,9.666,4360,0,2666.25,,,,,,,,,,,,,,,
10973,9.677,4360,0,2666.25,,,,,,,,,,,,,,,
10984,9.688,4334,0,2666.25,,,,,,,,,,,,,,,
10995,9.699,4272,0,2666.25,,,,,,,,,,,,,,,
11006,9.71,4244,0,2666.25,,,,,,,,,,,,,,,
11019,9.723,4205,0,2666.25,,,,,,,,,,,,,,,
11034,9.738,4166,0,2666.25,,,,,,,,,,,,,,,
11048,9.752,4126,0,2666.25,,,,,,,,,,,,,,,
11064,9.768,4086,0,2666.25,,,,,,,,,,,,,,,
11078,9.782,4046,0,2666.25,,,,,,,,,,,,,,,
11092,9.796,4006,0,2666.25,,,,,,,,,,,,,,,
11103,9.807,4006,0,2666.25,,,,,,,,,,,,,,,
11114,9.818,3979,0,2666.25,,,,,,,,,,,,,,,
11125,9.829,3909,0,2666.25,,,,,,,,,,,,,,,
11139,9.843,3883,0,2666.25,,,,,,,,,,,,,,,
11154,9.858,3841,0,2666.25,,,,,,,,,,,,,,,
11170,9.874,3800,0,2666.25,,,,,,,,,,,,,,,
11187,9.891,3757,0,2666.25,,,,,,,,,,,,,,,
11202,9.906,3715,0,2666.25,,,,,,,,,,,,,,,
11218,9.922,3715,0,2666.25,,,,,,,,,,,,,,,
11235,9.939,3629,0,2666.25,,,,,,,,,,,,,,,
11251,9.955,3629,0,2666.25,,,,,,,,,,,,,,,
11269,9.973,3541,0,2666.25,,,,,,,,,,,,,,,
11286,9.99,3501,0,2666.25,,,,,,,,,,,,,,,
11303,10.007,3450,0,2666.25,,,,,,,,,,,,,,,
11321,10.025,3450,0,2666.25,,,,,,,,,,,,,,,
11338,10.042,3363,0,2666.25,,,,,,,,,,,,,,,
11357,10.061,3316,0,2666.25,,,,,,,,,,,,,,,
11375,10.079,3274,0,2666.25,,,,,,,,,,,,,,,
11394,10.098,3274,0,2666.25,,,,,,,,,,,,,,,
11413,10.117,3177,0,2666.25,,,,,,,,,,,,,,,
11431,10.135,3130,0,2666.25,,,,,,,,,,,,,,,
11442,10.146,3130,0,2666.25,,,,,,,,,,,,,,,
11453,10.157,3078,0,2666.25,,,,,,,,,,,,,,,
11471,10.175,3031,0,2666.25,,,,,,,,,,,,,,,
11492,10.196,2981,0,2666.25,,,,,,,,,,,,,,,
11512,10.216,2931,0,2666.25,,,,,,,,,,,,,,,
11533,10.237,2931,0,2666.25,,,,,,,,,,,,,,,
11554,10.258,2829,0,2666.25,,,,,,,,,,,,,,,
11575,10.279,2829,0,2666.25,,,,,,,,,,,,,,,
11597,10.301,2724,0,2666.25,,,,,,,,,,,,,,,
11608,10.312,2724,0,2666.25,,,,,,,,,,,,,,,
11620,10.324,2670,0,2666.25,,,,,,,,,,,,,,,
11642,10.346,2615,0,2666.25,,,,,,,,,,,,,,,
11653,10.357,2615,0,2666.25,,,,,,,,,,,,,,,
11667,10.371,2560,0,2666.25,,,,,,,,,,,,,,,
11691,10.395,2504,0,2666.25,,,,,,,,,,,,,,,
11715,10.419,2446,0,2666.25,,,,,,,,,,,,,,,
11740,10.444,2389,0,2666.25,,,,,,,,,,,,,,,
11765,10.469,2389,0,2666.25,,,,,,,,,,,,,,,
11776,10.48,2327,0,2666.25,,,,,,,,,,,,,,,
11792,10.496,2268,0,2666.25,,,,,,,,,,,,,,,
11820,10.524,2268,0,2666.25,,,,,,,,,,,,,,,
11847,10.551,2205,0,2666.25,,,,,,,,,,,,,,,
11877,10.581,2077,0,2666.25,,,,,,,,,,,,,,,
11907,10.611,2010,0,2666.25,,,,,,,,,,,,,,,
11937,10.641,1943,0,2666.25,,,,,,,,,,,,,,,
11969,10.673,1870,0,2666.25,,,,,,,,,,,,,,,
12003,10.707,1799,0,2666.25,,,,,,,,,,,,,,,
12037,10.741,1723,0,2666.25,,,,,,,,,,,,,,,
12073,10.777,1723,0,2666.25,,,,,,,,,,,,,,,
12112,10.816,1563,0,2666.25,,,,,,,,,,,,,,,
12152,10.856,1478,0,2666.25,,,,,,,,,,,,,,,
12196,10.9,1388,0,2666.25,,,,,,,,,,,,,,,
12242,10.946,1292,0,2666.25,,,,,,,,,,,,,,,
12293,10.997,1190,0,2666.25,,,,,,,,,,,,,,,
12348,11.052,1080,0,2666.25,,,,,,,,,,,,,,,
12411,11.115,956,0,2666.25,,,,,,,,,,,,,,,
12484,11.188,816,0,2666.25,,,,,,,,,,,,,,,
12577,11.281,646,0,2666.25,,,,,,,,,,,,,,,
12726,11.43,402,0,2666.25,,,,,,,,,,,,,,,
